product,Manufacturer,date,title,rating,body,clean_review,accuracy,activitymeasurement,activitymode,activityreminder,activitytracker,affordable,aiassistance,aibutton,alarm,alarmsetting,alarmvibration,alarmvibrator,alexa,alexaassistant,alexacommand,alexamode,alexasupport,altimeter,analog,assistance,audioquality,badmintonmode,band,bandrubber,barometer,battery,batterybackup,batterydurability,batteryindicator,batterylife,batteryperformance,batterypower,belt,beltquality,bloodoxygen,bloodoxygenmeasure,bloodpressure,bluetooth,bodymaterial,bpaccuracy,bpmachine,bpmeasure,bpmeasurement,bpmonitor,bpmonitoraccuracy,bpmonitoring,bpsymbol,breathingquality,breathmode,brightnesscontrol,budget,button,calculator,call,callsnotification,calorie,caloriecount,calorietracker,camerabutton,cameracontrol,carracingmode,charger,chip,circulardial,comfortability,compatibility,connectivity,cost,customdial,customercare,customerservice,customersupport,customisable,customisewatchface,customization,cyclingmode,data,datacalculation,datasyncs,design,dial,dialpadsensor,digitalcrownlockbutton,digitaltime,digitalwatch,display,displaybrightness,displaynavigation,displayquality,displayresolution,distancecalculation,distancemeasure,distancetracker,distancetracking,durability,ecg,excercisemode,exercisemode,exercisetracker,facesensor,fingerprint,firmware,firmwareupgrade,fitnessband,fitnessfeatures,fitnessmode,fitnessmonitor,fitnesssensor,fitnesstrack,flashlight,footstep,game,glass,glucosemonitor,googlemap,gps,gpsconnectivity,gpssignal,gpstracker,gpstracking,gui,handmotion,hardware,healthcheckaccuracy,healthmeasurement,healthmode,healthmonitor,healthmonitoring,healthreading,healthstats,healthtracker,heartbeat,heartbeataccuracy,heartbeatmeasurement,heartbeatsensor,heartbeattracker,heartmonitor,heartrate,heartrateaccuracy,heartratealert,heartratecount,heartratedetection,heartratemeasurement,heartratemonitor,heartratesensor,leatherquality,leatherstrap,livetrackingaccuracy,location,lockscreen,loudspeaker,magnet,magnetic,malfunction,material,measurement,medicalmonitoring,memory,mensurationtracker,metal,metalbody,metaldesign,metallic,metallicbody,metallicdesign,mic,micquality,money,monitoringfunction,motiondetection,multiplesport,multisportmode,music,musicfacility,notification,operatingspeed,operatingsystem,outdooractivity,oxygen,oxygenlevel,oxygenmonitor,oxygenmonitoring,oxygensaturationlevelmeasurement,pedometer,phoneconnectivity,physicalactivity,picture,pixel,plasticbody,plasticmaterial,powerbackup,powerbutton,powerconsumption,powersavingmode,pricesegment,pricing,processor,proximitysensor,pulseoximeter,pulseratereading,quality,range,reading,realtimeconnect,reasonableprice,remotecameracontrol,report,responsetime,roundwatch,rubberband,screen,screenclarity,screencustomization,screengaurd,screensensitivity,screentimeout,security,sedentaryalert,sensor,sensorydata,service,servicecenter,servicecentre,servicefacility,servicestation,shape,sidebutton,sidepowerbutton,silentmode,siliconbelt,size,sleepaccuracy,sleepactivity,sleepdetection,sleepduration,sleepingtrack,sleepmeasurement,sleepmode,sleepmonitoring,sleeppattern,sleepreading,sleeprecord,sleepsensor,sleeptrack,sleeptracker,sleeptrackingaccuracy,sleeptrackingmonitor,slidebutton,smsnotification,snapchatnotification,socialmedianotification,software,softwaredevelopment,softwareglitch,sound,soundadjustment,speaker,specs,speedometer,spo2tracking,sport,sporttracker,stepcalculation,stepcounter,stepcounting,stepmeasurement,stepmonitor,steprecording,steptracker,steptracking,stopwatch,storage,strap,strapdesign,strapholder,straplockingsystem,strapquality,stress,stresslevel,stressmeasure,stressmode,stressmonitor,stressstats,stylish,supportteam,swimmingmode,swimmode,synchronization,systeminterface,technicalteam,temperature,temperedglass,tennismode,time,timeadjustment,timesensitivity,touchdesign,touchdisplay,touchfacility,touchnotification,touchpad,touchresponse,touchscreen,touchsensation,touchsense,touchsensitive,touchsensitivity,touchsystem,tracking,trackingaccuracy,trackingactivity,trackingsensor,trainingmode,treadmillmode,ui,userinterface,vibration,vibrationalarm,vibrationmode,visibility,voice,voiceassistant,voicefunction,volumebar,volumebutton,volumecontrol,wakegesturebutton,wakupmode,walktracking,wallpaper,wallpapertimestyle,warrantyservice,wateralert,waterdrinkingalert,waterproof,waterreminder,waterresist,waterresistance,weather,weatherforecast,weathericon,weatherreport,whatsappnotification,wirelesscharge,workoutmeasurement,workoutmode,workoutsessionsummary,workouttracker,airplanemode,alertactivityalarm,alexafunctionality,analogdial,appsynchronization,audioconnectivity,batteryoptimisation,batterypercentageindicator,batterysaving,bpmsensor,bptrack,caloriecalculation,caloriedata,cardioexcercisetracking,compatability,customisedface,cyclingmonitoring,footstepaccuracy,footstepcount,handwashreminder,healthaccuracy,healthcarekit,healthstatus,hearttracker,inactivityalert,lagtime,menstrualcycledata,menstrualtracker,multiplemode,notificationsupport,operatingfunction,outdoorcyclingactivity,pulsemonitor,remoteshuttercontrol,repairservice,runningmode,servicequality,silencemode,sleepingaccuracy,sleepschedule,softwaresupport,splitscreen,stockmonitoring,stressreport,touchnavigation,wakeupmode,whatsappalert,workoutdetection,workoutmonitoring,workoutroutine
amazon.in:customer reviews: samsung gear s2 smartwatch for most android phones - dark gray,samsung,07-08-2016,Wake up Samsung - Don cheat,1,I have the same strap getting off issue. Bull s____  for 22k,i have the same strap getting off issue . bull s____ for 22 k,,,,,,,,,,,,,,,,,,,,,,,,,,,,,,,,,,,,,,,,,,,,,,,,,,,,,,,,,,,,,,,,,,,,,,,,,,,,,,,,,,,,,,,,,,,,,,,,,,,,,,,,,,,,,,,,,,,,,,,,,,,,,,,,,,,,,,,,,,,,,,,,,,,,,,,,,,,,,,,,,,,,,,,,,,,,,,,,,,,,,,,,,,,,,,,,,,,,,,,,,,,,,,,,,,,,,,,,,,,,,,,,,,,,,,,,,,,,,,,,,,,,,,,,,,,,,,,,,,,,,,,,,,,,,,,,,-1,,,,,,,,,,,,,,,,,,,,,,,,,,,,,,,,,,,,,,,,,,,,,,,,,,,,,,,,,,,,,,,,,,,,,,,,,,,,,,,,,,,,,,,,,,,,,,,,,,,,,,,,,,,,,,,,,,,,,,,,,,,,,
amazon.in:customer reviews: samsung gear s2 smartwatch for most android phones - dark gray,samsung,10-03-2016,"How the hell you can charge Rs 39, 000 ...",1,"How the hell you can charge Rs 39,000 for this watch!!! MRP of this watch is around Rs 21,000 so how can charge more than Retail Price!!! Such a FRAUD","how the hell you can charge r 39,000 for this watch mrp of this watch is around r 21,000 so how can charge more than retail price such a fraud",,,,,,,,,,,,,,,,,,,,,,,,,,,,,,,,,,,,,,,,,,,,,,,,,,,,,,,,,,,,,,,,,,,,,,,,,,,,,,,,,,,,,,,,,,,,,,,,,,,,,,,,,,,,,,,,,,,,,,,,,,,,,,,,,,,,,,,,,,,,,,,,,,,,,,,,,,,,,,,,,,,,,,,,,,,,,,,,,,,,,,,,,,,,,,,,,,,,,,,,,,,,,,,,,,,,,,,,,,,,,,,,,,,,,,,,,,,,,,,,,,,,,,,,,,,,,,,,,,,,,,,,,,,,,,,,,,,,,,,,,,,,,,,,,,,,,,,,,,,,,,,,,,,,,,,,,,,,,,,,,,,,,,,,,,,,,,,,,,,,,,,,,,,,,,,,,,,,,,,,,,,,,,,,,,,,,,,,,,,,,,,,,,,,,,,,,,,,,,
amazon.in:customer reviews: samsung gear s2 smartwatch for most android phones - dark gray,samsung,11-06-2016,Water proof,5,I can work using gear s2 when I am in shower because it work well in water,i can work using gear s2 when i am in shower because it work well in water,,,,,,,,,,,,,,,,,,,,,,,,,,,,,,,,,,,,,,,,,,,,,,,,,,,,,,,,,,,,,,,,,,,,,,,,,,,,,,,,,,,,,,,,,,,,,,,,,,,,,,,,,,,,,,,,,,,,,,,,,,,,,,,,,,,,,,,,,,,,,,,,,,,,,,,,,,,,,,,,,,,,,,,,,,,,,,,,,,,,,,,,,,,,,,,,,,,,,,,,,,,,,,,,,,,,,,,,,,,,,,,,,,,,,,,,,,,,,,,,,,,,,,,,,,,,,,,,,,,,,,,,,,,,,,,,,,,,,,,,,,,,,,,,,,,,,,,,,,,,,,,,,,,,,,,,,,,,,,,,,,,,,,,,,,,,,,,,,,,,,,,,,,,,,,,,,,,,,,,,,,,,,,,,,,,,,,,,,,,,,,,,,,,,,,,,,,,,,,
amazon.in:customer reviews: samsung gear s2 smartwatch for most android phones - dark gray,samsung,12-08-2016,Worst Smart Watch to Buy,1,"Prefer Moto 360 or Fossil Smart waches, Their UI has hell lotta issues and compatibility issues with different android phones.","prefer moto 360 or fossil smart waches , their ui ha hell lotta issues and compatibility issues with different android phone .",,,,,,,,,,,,,,,,,,,,,,,,,,,,,,,,,,,,,,,,,,,,,,,,,,,,,,,,,,,,,,,,,,,,,,,,,,,,,,,,,,,,,,,,,,,,,,,,,,,,,,,,,,,,,,,,,,,,,,,,,,,,,,,,,,,,,,,,,,,,,,,,,,,,,,,,,,,,,,,,,,,,,,,,,,,,,,,,,,,,,,,,,,,,,,,,,,,,,,,,,,,,,,,,,,,,,,,,,,,,,,,,,,,,,,,,,,,,,,,,,,,,,,,,,,,,,,,,,,,,,,,,,,,,,,,,,,,,,,,,,,,,,,,,,,,,,,,,,,,,,,,,,,,,,,,,,,,,,,,,,,,,,,,,,,,,,,,,,,,,,,,,,,,,,,,,,,,,,,,,,,,,,,,,,,,,,,,,,,,,,,,,,,,,,,,,,,,,,,
amazon.in:customer reviews: samsung gear s2 smartwatch for most android phones - dark gray,samsung,7/18/2018,# Conclusion Only Must know @,4,"Conclusion OnlyEven though the Gear S3’s release is imminent, the Gear S2 remains a beautiful piece of industrial design, and a decent smartwatch. Updates to the software have come steadily, patching the serious connectivity bugs we identified in our initial review and adding some neat features, notably support for Samsung Pay. But without the enormous app market seen on the Apple Watch, it’s hard to say the Gear is a better product. Buy one and you’ll invariably find yourself wishing you could do more with it. That’s a shame, because Samsung has made a watch with possibly the best battery life, clearly the best interface to date, and one of the best designs we’ve seen.Looking for an alternative? There’s the Apple Watch, of course. Keep in mind that it requires an iPhone — and if you’re in the market for a Gear, you probably own a Galaxy or Android phone. (Given the jaw-droppingly frustrating app store experience on other Android phones, we heartily discourage non-Galaxy owners from buying the Gear S2.) Android Wear watches are getting better, but they still aren’t great. If you want to explore that route, try one of the new Moto 360s or the Huawei Watch, or keep your eyes out for the Gear S2’s big brother, the Gear S3. The Gear S2 retails for about $300 and most other watches hover around that price.Alternatively, you could choose to go low tech. We like the simple Withings Activite and Activite Pop, though they’re made for slender wrists.HighsBeautiful round designElegant, fluid user interfaceRotating bezel is a true innovation2-3 day battery lifeLowsBarely any usable appsReactivation lock is buggyFitness functions are very limited","conclusion onlyeven though the gear s3 ’ s release is imminent , the gear s2 remains a beautiful piece of industrial design , and a decent smartwatch . update to the software have come steadily , patching the serious connectivity bug we identified in our initial review and ading some neat feature , notably support for samsung pay . but without the enormous app market seen on the apple watch , it ’ s hard to say the gear is a better product . buy one and you ’ ll invariably find yourself wishing you could do more with it . that ’ s a shame , because samsung ha made a watch with possibly the best batterylife , clearly the best interface to date , and one of the best design we ’ ve seen . looking for an alternative ? there ’ s the apple watch , of course . keep in mind that it requires an iphone — and if you ’ re in the market for a gear , you probably own a galaxy or android phone . given the jaw-droppingly frustrating app store experience on other android phone , we heartily discourage non-galaxy owner from buying the gear s2 . android wear watch are getting better , but they still aren ’ t great . if you want to explore that route , try one of the new moto 360 s or the huawei watch , or keep your eye out for the gear s2 ’ s big brother , the gear s3 . the gear s2 retail for about 300 and most other watch hover around that price . alternatively , you could choose to go low tech . we like the simple withings activite and activite pop , though they ’ re made for slender wrist . highsbeautiful round designelegant , fluid userinterfacerotating bezel is a true innovation2-3 day batterylifelowsbarely any usable appsreactivation lock is bugfitness function are very limited",,,,,,,,,,,,,,,,,,,,,,,,,,,,,,,,,,,,,,,,,,,,,,,,,,,,,,,,,,,,,,,,,,,,,,,,,,,,,,,,1,,,,,,,,,,,,,,,,,,,,,,,,,,,,,,,,,,,,,,,,,,,,,,,,,,,,,,,,,,,,,,,,,,,,,,,,,,,,,,,,,,,,,,,,,,,,,,,,,,,,,,,,,,,,,,,,,,,,,,,,,,,,,,,,,,,,,,,,,,,,,,,,,,,,,,,,,,,,,,,,,,,,,,,,,,,,,,,,,,,,,,,,,,,,,,,,,,,,,,,,,,,,,,,,,,,,,,,,,,,,,,,,,,,,,,,,,,,,,,,,,,,,,,,,,,,,,,,,,,,,,,,,,,,,,,,,,,,,,,,,,,,,,,,,,,,,,,,,,,,,,,,,,,,,,,,,,,,,,,
"samsung electronics store gear sport smartwatch, black (sm-r600nzkaxar) : amazon.in: electronics",samsung,09-07-2018,"1.0 out of 5 stars
One single lie",1,"Ok...1st of all the watch is good, I got mine from Samsung directly. My only concern- they don't have the facility of Samsung pay by gear & it's big one cause they are marketing the same.No one in  Samsung care was able to help resolve the same. So I give up &rated it 1star... rest watch delivers upto the expectations.
Read more","ok. 1 st of all the watch is good , i got mine from samsung directly . my only concern- they donot have the facility of samsung pay by gear it is big one because they are marketing the same . no one in samsung care wa able to help resolve the same . so i give up rated it 1 star . rest watch delivers upto the expectation . read more",,,,,,,,,,,,,,,,,,,,,,,,,,,,,,,,,,,,,,,,,,,,,,,,,,,,,,,,,,,,,,,,,,,,,,,,,,,,,,,,,,,,,,,,,,,,,,,,,,,,,,,,,,,,,,,,,,,,,,,,,,,,,,,,,,,,,,,,,,,,,,,,,,,,,,,,,,,,,,,,,,,,,,,,,,,,,,,,,,,,,,,,,,,,,,,,,,,,,,,,,,,,,,,,,,,,,,,,,,,,,,,,,,,,,,,,,,,,,,,,,,,,,,,,,,,,,,,,,,,,,,,,,,,,,,,,,,,,,,,,,,,,,,,,,,,,,,,,,,,,,,,,,,,,,,,,,,,,,,,,,,,,,,,,,,,,,,,,,,,,,,,,,,,,,,,,,,,,,,,,,,,,,,,,,,,,,,,,,,,,,,,,,,,,,,,,,,,,,,
"samsung electronics store gear sport smartwatch, black (sm-r600nzkaxar) : amazon.in: electronics",samsung,9/24/2018,"4.0 out of 5 stars
Go for it..Totally worth",4,"I got this gear through galaxy note 9 offer. I wasn't expecting much from the gear as I already have a fitbit versa. I was zapped when i received the product and after using it for few days.Nice built quality, amazing battery life. As it works on tizn OS, battery life is better compared to android watch. For me it lasts anywhr between 3 to 3.5 days with full charge (now this depends upon usage) my usage is avg & as ain't completely reliant on watch.Overall I'm very satisfied with the product & features as well. Although I think 39k is slightly overpriced and should have been priced around 25k.Smooth touch, crisp & sharp amoled display. UI is also simple. Easy to use and setup.
Read more","i got this gear through galaxy note 9 offer . i wasnot expecting much from the gear a i already have a fitbit versa . i wa zapped when i received the product and after using it for few day . nice built quality , amazing batterylife . a it work on tizn o , batterylife is better compared to android watch . for me it last anywhr between 3 to 3 . 5 day with full charge now this depends upon usage my usage is average a ainot completely reliant on watch . overall i 'm very satisfied with the product feature a well . although i think 39 k is slightly overpriced and should have been priced around 25 k . smooth touch , crisp sharp amoled display . ui is also simple . easy to use and setup . read more",,,,,,,,,,,,,,,,,,,,,,,,,,,,,,1,,,,,,,,,,,,,,,,,,,,,,,,,,,,,,,,,,,,,,,,,,,,,,,,,,,,,,,,,,,,,,,,,,,,,,,,,,,,,,,,,,,,,,,,,,,,,,,,,,,,,,,,,,,,,,,,,,,,,,,,,,,,,,,,,,,,,,,,,,,,,,,,,,,,,,,,,,,,,,,,,,,,,,,,,,,1,,,,,,,,,,,,,,,,,,,,,,,,,,,,,,,,,,,,,,,,,,,,,,,,,,,,,,,,,,,,,,,,,,,,,,,,,,,,,,,,,,,,,,,,,,,,,,,,,,,,,,,,,,,,,,,,,,1,,,,,,,,,,,,,,,,,,,,,,,,,,,,,,,,,,,,,,,,,,,,,,,,,,,,,,,,,,,,,,,,,,,,,,,,,,,,,,,,,,,
amazon.in:customer reviews: samsung gear s2 smartwatch for most android phones - dark gray,samsung,10-12-2018,My rating is 4.7,4,Watch is excellent than I thought but the battery life is very bad. It is draining so much that I have to charge minimum 5 to 6 times and at middle it is saying OVER HEATED so I have to off the watch and leave it for 15min.Do this Samsung company has any other model that has high battery life.Please do not show us all fake watches saying that this has two day battery life.  .......I hope you will update this problem........TQ.,watch is excellent than i thought but the batterylife is very bad . it is drain so much that i have to charge minimum 5 to 6 time and at midle it is saying over heated so i have to off the watch and leave it for 15 min . do this samsung company ha any other model that ha high batterylife . please do not show u all fake watch saying that this ha two day batterylife . i hope you will update this problem . tq .,,,,,,,,,,,,,,,,,,,,,,,,,,,,,,-0.333333333,,,,,,,,,,,,,,,,,,,,,,,,,,,,,,,,,,,,,,,,,,,,,,,,,,,,,,,,,,,,,,,,,,,,,,,,,,,,,,,,,,,,,,,,,,,,,,,,,,,,,,,,,,,,,,,,,,,,,,,,,,,,,,,,,,,,,,,,,,,,,,,,,,,,,,,,,,,,,,,,,,,,,,,,,,,,,,,,,,,,,,,,,,,,,,,,,,,,,,,,,,,,,,,,,,,,,,,,,,,,,,,,,,,,,,,,,,,,,,,,,,,,,,,,,,,,,,,,,,,,,,,,,,,,,,,,,,,,,,,,,,,,,,,,,,,,,,,,,,,,,,,,,,,,,,,,,,,,,,,,,,,,,,,,,,,,,,,,,,,,,,,,,,,,,,,,,,,,,,,,,,,,,,,,
"samsung electronics store gear sport smartwatch, black (sm-r600nzkaxar) : amazon.in: electronics",samsung,10/24/2018,"1.0 out of 5 stars
WORST EVER, PLZ DONT BUY",1,"Plz dont buy this watch. They claim its water resistant,  and inspite of not taking my watch in water my water was water damaged, and that too in warranty period. So now either i have to pay 7500 for the motherboard, or just throw the watch in the dustbin. I think latter would be better
Read more","plz do not buy this watch . they claim it waterresistant , and inspite of not taking my watch in water my water wa water damaged , and that too in warranty period . so now either i have to pay 7500 for the motherboard , or just throw the watch in the dustbin . i think latter would be better read more",,,,,,,,,,,,,,,,,,,,,,,,,,,,,,,,,,,,,,,,,,,,,,,,,,,,,,,,,,,,,,,,,,,,,,,,,,,,,,,,,,,,,,,,,,,,,,,,,,,,,,,,,,,,,,,,,,,,,,,,,,,,,,,,,,,,,,,,,,,,,,,,,,,,,,,,,,,,,,,,,,,,,,,,,,,,,,,,,,,,,,,,,,,,,,,,,,,,,,,,,,,,,,,,,,,,,,,,,,,,,,,,,,,,,,,,,,,,,,,,,,,,,,,,,,,,,,,,,,,,,,,,,,,,,,,,,,,,,,,,,,,,,,,,,,,,,,,,,,,,,,,,,,,,,,,,,,,,,,,,,,,,,,,,,,,,,,,,,,,,,,,,,,,,,,,,,,,,,,,,,,,,,,,,,,,,,,,,,,,,,,,,,,,,,,,,,,,,,,
amazon.in:customer reviews: samsung gear s2 smartwatch for most android phones - dark gray,samsung,1/28/2019,Not at all worth it,1,This watch is not worth it none of the parts work I just spent 27000 on this product and now they won’t even take it back. An absolute waste of money and time.,this watch is not worth it none of the part work i just spent 27000 on this product and now they won ’ t even take it back . an absolute waste of money and time .,,,,,,,,,,,,,,,,,,,,,,,,,,,,,,,,,,,,,,,,,,,,,,,,,,,,,,,,,,,,,,,,,,,,,,,,,,,,,,,,,,,,,,,,,,,,,,,,,,,,,,,,,,,,,,,,,,,,,,,,,,,,,,,,,,,,,,,,,,,,,,,,,,,,,,,,,,,,,,,,,,,,,,,,,,,,,,,,,,,,,,,,,,,,,,,,,,,,,,,,,,,,,,,,,,,,,,,,,,,,,,,,,,,,,,,,,,,,,,,,,,,,,,,,,,,,,,,,,,,,,,,,,,,,,,,,,,,,,,,,,,,,,,,,,,,,,,,,,,,,,,,,,,,,,,,,,,,,,,,,,,,,,,,,,,,,,,,,,,,,,,,,,,,,,,,,,,,,,,,,,,,,,,,,,,,,,,,,,,,,,,,,,,,,,,,,,,,,,,
"samsung electronics store gear sport smartwatch, black (sm-r600nzkaxar) : amazon.in: electronics",samsung,9/21/2019,"5.0 out of 5 stars
Best watch",5,"Sleep tracking is a best feature & accuracy
Read more",sleeptracking is a best feature accuracy read more,,,,,,,,,,,,,,,,,,,,,,,,,,,,,,,,,,,,,,,,,,,,,,,,,,,,,,,,,,,,,,,,,,,,,,,,,,,,,,,,,,,,,,,,,,,,,,,,,,,,,,,,,,,,,,,,,,,,,,,,,,,,,,,,,,,,,,,,,,,,,,,,,,,,,,,,,,,,,,,,,,,,,,,,,,,,,,,,,,,,,,,,,,,,,,,,,,,,,,,,,,,,,,,,,,,,,,,,,,,,,,,,,,,,,,,,,,,,,,,,,,,,,,,,,,,,,,,,,,,,,,,,,,,,,,,,,,,,,,,,,,,,,,,,,,,,,,,,,,,,,,,,,,,,,,,,,,,,,,,,,,,,,,,,,,,,,,,,,,,,,,,,,,,,,,,,,,,,,,,,,,,,,,,,,,,,,,,,,,,,,,,,,,,,,,,,,,,,,,
"amazon.in:customer reviews: fitbit fb507rgpk versa 2 health &amp; fitness smartwatch with heart rate, music, alexa built-in, sleep &amp; swim tracking, petal/copper rose, one size (s &amp; l bands included) (petal/copper rose)",fitbit,10/18/2019,Premium! BUT Not for Middle class,3,"Very honest review, when I saw the price of this watch I can't understand what's there inside this watch that it cost you around 20k+If I person wants all that features which are available by some of the good brands that too with a lower price.About this watch I feels I a very premium looks & ofcourse premium features too but having all that I feel it's not for middle class person means a middle class can purchase a good smartphone or even Laptop in this price range.But yes if you are earning some extra bucks compared to middle class than of course go for it . It's a luxury item.🙂","very honest review , when i saw the price of this watch i canot understand what is there inside this watch that it cost you around 20 k+if i person want all that feature which are available by some of the good brand that too with a lower price . about this watch i feel i a very premium look ofcourse premium feature too but having all that i feel it is not for midle class person mean a midle class can purchase a good smartphone or even laptop in this price range . but yes if you are earning some extra bug compared to midle class than of course go for it . it is a luxury item . slightly smiling face",,,,,,,,,,,,,,,,,,,,,,,,,,,,,,,,,,,,,,,,,,,,,,,,,,,,,,,,,,,,,,,,,,,,,,,,,,,,,,,,,,,,,,,,,,,,,,,,,,,,,,,,,,,,,,,,,,,,,,,,,,,,,,,,,,,,,,,,,,,,,,,,,,,,,,,,,,,,,,,,,,,,,,,,,,,,,,,,,,,,,,,,,,,,,,,,,,,,,,,,,,,,,,,,,,,,,,,,,,,,,,,,,,,,,,,,,,,,,,,,,,,,,,,,,,,,,,,,,,,,,,,,,,,,,,,,,,,,,,,,,,,,,,,,,,,,,,,,,,,,,,,,,,,,,,,,,,,,,,,,,,,,,,,,,,,,,,,,,,,,,,,,,,,,,,,,,,,,,,,,,,,,,,,,,,,,,,,,,,,,,,,,,,,,,,,,,,,,,,
"amazon.in:customer reviews: fitbit fb507rgpk versa 2 health &amp; fitness smartwatch with heart rate, music, alexa built-in, sleep &amp; swim tracking, petal/copper rose, one size (s &amp; l bands included) (petal/copper rose)",fitbit,10/20/2019,Fantastic and all rounder band.,5,Fantastic and all rounder band. It's all in one.,fantastic and all rounder band . it is all in one .,,,,,,,,,,,,,,,,,,,,,,,1,,,,,,,,,,,,,,,,,,,,,,,,,,,,,,,,,,,,,,,,,,,,,,,,,,,,,,,,,,,,,,,,,,,,,,,,,,,,,,,,,,,,,,,,,,,,,,,,,,,,,,,,,,,,,,,,,,,,,,,,,,,,,,,,,,,,,,,,,,,,,,,,,,,,,,,,,,,,,,,,,,,,,,,,,,,,,,,,,,,,,,,,,,,,,,,,,,,,,,,,,,,,,,,,,,,,,,,,,,,,,,,,,,,,,,,,,,,,,,,,,,,,,,,,,,,,,,,,,,,,,,,,,,,,,,,,,,,,,,,,,,,,,,,,,,,,,,,,,,,,,,,,,,,,,,,,,,,,,,,,,,,,,,,,,,,,,,,,,,,,,,,,,,,,,,,,,,,,,,,,,,,,,,,,,,,,,,,
"amazon.in:customer reviews: fitbit fb507rgpk versa 2 health &amp; fitness smartwatch with heart rate, music, alexa built-in, sleep &amp; swim tracking, petal/copper rose, one size (s &amp; l bands included) (petal/copper rose)",fitbit,10/20/2019,Best smart watch,5,Looking superb and very stylish,looking superb and very stylish,,,,,,,,,,,,,,,,,,,,,,,,,,,,,,,,,,,,,,,,,,,,,,,,,,,,,,,,,,,,,,,,,,,,,,,,,,,,,,,,,,,,,,,,,,,,,,,,,,,,,,,,,,,,,,,,,,,,,,,,,,,,,,,,,,,,,,,,,,,,,,,,,,,,,,,,,,,,,,,,,,,,,,,,,,,,,,,,,,,,,,,,,,,,,,,,,,,,,,,,,,,,,,,,,,,,,,,,,,,,,,,,,,,,,,,,,,,,,,,,,,,,,,,,,,,,,,,,,,,,,,,,,,,,,,,,,,,,,,,,,,,,,,,,,,,,,,,,,,,,,,,,,,,,,,,,,,,,,,,,,,,,,,,,,,,,,,,,,,,,,,,,,,,,,,,,,,,,,,,,,,,,,,,,,,,,,,,,,,,,,,,,,,,,,,,,,,,,,,
"amazon.in:customer reviews: noise colorfit pro 2 full touch control smart watch with 35g weight &amp; upgraded lcd display,ip68 waterproof,heart rate monitor,sleep &amp; step tracker,call &amp; message alerts &amp; long battery life (jet black)",noise,10/22/2019,NOISE,5,"Very nice product,but at this price it is something awesome. Not full display as we see in noise advertisment and also it is light weight and small. After my usage of 5 days no problem and very good looking. On my first day of purchase i dropped it accidentally,even after falling from my hand it had no problem and works normally and well. If you aretrending go for it.i am overall happy with this product.👍👍🙏👌","very nice product , but at this price it is something awesome . not full display a we see in noise advertisment and also it is light weight and small . after my usage of 5 day no problem and very good looking . on my first day of purchase i dropped it accidentally , even after falling from my hand it had no problem and work normally and well . if you aretrending go for it . i am overall happy with this product . thumb up thumb up folded hand ok hand",,,,,,,,,,,,,,,,,,,,,,,,,,,,,,,,,,,,,,,,,,,,,,,,,,,,,,,,,,,,,,,,,,,,,,,,,,,,,,,,,,,,,,,,,,,,,,,,,,,,,,,,,,,,,,,,,,,,,,,,,,,,,,,,,,,,,,,,,,,,,,,,,,,,,,,,,,,,,,,,,,,,,,,,,,,,,,,,,,,,,,,,,,,,,,,,,,,,,,,,,,,,,,,,,,,,,,,,,,,,,,,,,,,,,,,,,,,,,,,,,,,,,,,,,,,,,,,,,,,,,,,,,,,,,,,,,,,,,,,,,,,,,,,,,,,,,,,,,,,,,,,,,,,,,,,,,,,,,,,,,,,,,,,,,,,,,,,,,,,,,,,,,,,,,,,,,,,,,,,,,,,,,,,,,,,,,,,,,,,,,,,,,,,,,,,,,,,,,,
"amazon.in:customer reviews: noise colorfit pro 2 full touch control smart watch with 35g weight &amp; upgraded lcd display,ip68 waterproof,heart rate monitor,sleep &amp; step tracker,call &amp; message alerts &amp; long battery life (jet black)",noise,10/23/2019,A perfect Budget Smartwatch with Apple like looks.,5,"A perfect product at this price range ! Very similar to Apple watch looks wise. Display is IPS LCD , so you cant  expect an apple watch kind of display , but it does satisfies the money given ! Limited watch faces .. hope so they provide software updates to enhance the faces . Overall a must buy budget smartwatch within the 3k range.","a perfect product at this price range very similar to apple watch look wise . display is ip lcd , so you cannot expect an apple watch kind of display , but it doe satisfies the money given limited watch face . hope so they provide software update to enhance the face . overall a must buy budget smartwatch within the 3 k range .",,,,,,,,,,,,,,,,,,,,,,,,,,,,,,,,,,,,,,,,,,,,,,,,,,,,,,,,,,,,,,,,,,,,,,,,,,,,,,,,,,,,,,,,,,,,,,,,,,,,,,,,,,,,,,,,,,,,,,,,,,,,,,,,,,,,,,,,,,,,,,,,,,,,,,,,,,,,,,,,,,,,,,,,,,,,,,,,,,,,,,,,,,,,,,,,,,,,,,,,,,,,,,,,,,,,,,,,,,,,,,,,,,,,,,,,,,,,,,,,,,,,,,,,,,,,-1,,,,,,,,,,,,,,,,,,,,,,,,,,,,,,,,,,,,,,,,,,,,,,,,,,,,,,,,,,,,,,,,,,,,,,,,,,,,,,,,,,,,,,,,,,,,,,,,,,,,,,,,,,,,,,,,,,,,,,,,,,,,,,,,,,,,,,,,,,,,,,,,,,
"amazon.in:customer reviews: noise colorfit pro 2 full touch control smart watch with 35g weight &amp; upgraded lcd display,ip68 waterproof,heart rate monitor,sleep &amp; step tracker,call &amp; message alerts &amp; long battery life (jet black)",noise,10/24/2019,Smart choice over expensive smart watch,4,"Background: I have recently purchased an iPhone XR. I really need a smart watch which can track my daily activity, give me a stylish look and provide me various notifications. As usual my first thought was about apple watch.Why I preferred noise colorfit pro 2?Apple watch is very nice, which is a real smart watch. But problem is poor battery life.Do you really think of charging ur apple watch daily?In today’s life already I hv wireless earpods, loud speaker and smartphone which need to be charged daily. Really I don’t want to add one more thing to the list.Do you really need a smart watch to answer calls or reply messages when ur phn is in ur pocket or near by (bcoz if phn is not nearby then these features will not work)? If yes then believe me u r too lazy 🤗.Pros of colorfit pro 2: stylish look, working flawlessly with my iPhone. I can receive all notifications, read messages, control music (working nicely with gaana app, even if gaana app is not open, by clicking play button songs can be played). The activity tracker is also working fine. Good battery life.Cons: Only 5 watch faces (request to noise to update number of watch faces which ll make this watch awesome)Under bright sunshine, screen is hardly visible (the only thing with respect to which amazfit bip lite is the winner)Verdict: U can definitely try this watch though it is really not a smartwatch. In India, smartwatch technology is at nascent stage. So don’t expect much as compared to smartphones. Presently Smartwatch technology in India is like smartphone technology that was 5years ago. So better wait sometimes to use this smart technology at affordable price and let the rich people to enjoy the things for now😀","background : i have recently purchased an iphone xr . i really need a smartwatch which can track my dial y activity , give me a stylish look and provide me various notification . a usual my first thought wa about apple watch . why i preferred noise colorfit pro 2 ? apple watch is very nice , which is a real smartwatch . but problem is poor batterylife . do you really think of charging you are apple watch dial y ? in today ’ s life already i hv wireless earpods , loudspeaker and smartphone which need to be charged dial y. really i don ’ t want to ad one more thing to the list . do you really need a smartwatch to answer call or reply message when you are phn is in you are pocket or near by bcoz if phn is not nearby then these feature will not work ? if yes then believe me you r too lazy hugging face . pro of colorfit pro 2 : stylish look , working flawlessly with my iphone . i can receive all notification , read message , control music working nicely with gana app , even if gana app is not open , by clicking playbutton song can be played . the activitytracker is also working fine . good batterylife . con : only 5 watch face request to noise to update number of watch face which ll make this watch awesome under bright sunshine , screen is hardly visible the only thing with respect to which amazfit bloodpressure light is the winner verdict : you can definitely try this watch though it is really not a smartwatch . in india , smartwatch technology is at nascent stage . so don ’ t expect much a compared to smartphones . presently smartwatch technology in india is like smartphone technology that wa 5 year ago . so better wait sometimes to use this smart technology at affordable price and let the rich people to enjoy the thing for now grinning face",,,,,1,,,,,,,,,,,,,,,,,,,,,,,,,0,,,,,,,,,,,,,,,,,,,,,,,,,,,,,,,,,,,,,,,,,,,,,,,,,,,,,,,,,,,,,,,,,,,,,,,,,,,,,,,,,,,,,,,,,,,,,,,,,,,,,,,,,,,,,,,,,,,,,,,,,0,,,,,,,,,,,,,,,,,,,,,,,,,,,,,,,,,,,,,,,,,,,,,,,,,,,,,,,,,,,,-1,,,,,,,,,,,,,,,,,,,,,,,,,,,,,,,,,,,,,,,,,,,,,,,,,,,,,,,,,,,,,,,,,,,,,,,,,,,,,,,,,,,,,,,,,,,,,,,,,,,,,,,,,,,,,,,,,,,,,,,,,,,,,,,,,,,,,,,,,,,,,,,,,,,,,,,,,,,,,,,,,,,,,,,,,,,,,,,,,,,,,,,,,,,
"amazon.in:customer reviews: fitbit fb507rgpk versa 2 health &amp; fitness smartwatch with heart rate, music, alexa built-in, sleep &amp; swim tracking, petal/copper rose, one size (s &amp; l bands included) (petal/copper rose)",fitbit,10/30/2019,Quite disappointed!!,1,"Writing a review after few days of usage.It's quite good looking watch with list of features like sleep, heartrate, step monitor and many other. But what is the use of a feature if it is not accurate in measurements. This I realized when I went on a long drive in my car and it measured 14k steps when I got down only for few minutes!!!. Quite disappointed as I feel my daily goal achievements till now are not accurate. Probably I might be taking only 5k steps in my reported steps of 10k.I doubt about heartrate and sleep monitor also now. Did not expect this kind of flaw in version 2. Smart watches have been around for quite some time now and cannot expect such basic flaws now.More disappointed when I found a 2.5k MI 4 band works awesomely accurate than a 21k extravagant watch!!!","writing a review after few day of usage . it is quite good looking watch with list of feature like sleep , heartrate , stepmonitor and many other . but what is the use of a feature if it is not accurate in measurement . this i realized when i went on a long drive in my car and it measured 14 k step when i got down only for few minute . quite disappointed a i feel my dial y goal achievement till now are not accurate . probably i might be taking only 5 k step in my reported step of 10 k . i doubt about heartrate and sleep monitor also now . did not expect this kind of flaw in version 2. smartwatchs have been around for quite some time now and can not expect such basic flaw now . more disappointed when i found a 2 . 5 k mi 4 band work awesomely accurate than a 21 k extravagant watch",,,,,,,,,,,,,,,,,,,,,,,1,,,,,,,,,,,,,,,,,,,,,,,,,,,,,,,,,,,,,,,,,,,,,,,,,,,,,,,,,,-1,,,,,,,,,,,,,,,,,,,,,,,,,,,,,,,,,,,,,,,,,,,,,,,,,,,,,,,,,,,,,,,,,,,,,,,,,,,,,,,,,,,,,,,,,,,,,,,,,,,,,,,,,,,,,,,,,,,,,,,,,,,,,,,,,,,,,,,,,,,,,,,,,,,,,,,,,,,,,,,,,,,,,,,,,,,,,,,,,,,,,,,,,,,,,,,,,,,,,,,,,,,,,,,,,,,,,,,,,,,,,,,,,,,,,,,,,,,,,,,,,,,,,,,,,,,,,,,,,,,,,,,,,,,,,,,,,,,,,,,,,,,,,,,,,,,,,,,,,,,,,,,,,,,,,,,,,,,,,
"amazon.in:customer reviews: fitbit fb507rgpk versa 2 health &amp; fitness smartwatch with heart rate, music, alexa built-in, sleep &amp; swim tracking, petal/copper rose, one size (s &amp; l bands included) (petal/copper rose)",fitbit,10/31/2019,Worst watch no support Thrown in garbage,1,"No service support. It is use and throw after 1 year. Better options Garmin, Fossil, Apple.Waste product. After several discussions with customer support I have no option but throw in dust bin.","no servicesupport . it is use and throw after 1 year . better option garmin , fossil , apple . waste product . after several discussion with customersupport i have no option but throw in dust bin .",,,,,,,,,,,,,,,,,,,,,,,,,,,,,,,,,,,,,,,,,,,,,,,,,,,,,,,,,,,,,,,,,,,,,,,,,,,,,,,,,,,,,,,,,,,,,,,,,,,,,,,,,,,,,,,,,,,,,,,,,,,,,,,,,,,,,,,,,,,,,,,,,,,,,,,,,,,,,,,,,,,,,,,,,,,,,,,,,,,,,,,,,,,,,,,,,,,,,,,,,,,,,,,,,,,,,,,,,,,,,-1,,,,,,,,,,,,,,,,,,,,,,,,,,,,,,,,,,,,,,,,,,,,,,,,,,,,,,,,,,,,,,,,,,,,,,,,,,,,,,,,,,,,,,,,,,,,,,,,,,,,,,,,,,,,,,,,,,,,,,,,,,,,,,,,,,,,,,,,,,,,,,,,,,,,,,,,,,,,,,,,,,,,,,,,,,,,,,,,,
"amazon.in:customer reviews: noise colorfit pro 2 full touch control smart watch with 35g weight &amp; upgraded lcd display,ip68 waterproof,heart rate monitor,sleep &amp; step tracker,call &amp; message alerts &amp; long battery life (jet black)",noise,11-03-2019,Good buy at offered price,4,"I have been using it for around past 20 days and here's my review.Aesthetic: It's best, almost look alike my series 2 apple watch.Accuracy: Heart rate sensor is decent. Although not 100% accurate, I would say 75-80% accurate. Step counter accuracy: 80%Response time: (when you face your wrist to see time): There's significant lag of 1-2 seconds which you wouldn't find in apple watch or any other high end watch like fit bit or samsung gearTouch sensitivity: It's not as smooth as I was expecting but at this price range it's decent.Colors: Colors are quite good in fact much better than amazfit bip lite or Lenovo smart watch.Battery: Pretty powerful so far. Almost last for 10 days after full charge even when app notifications are always on and also heart rate sensor is continuesly on.Note: You can't take call or reply for your whatsapp messages.","i have been using it for around past 20 day and here is my review . aesthetic : it is best , almost look alike my series 2 apple watch . accuracy : heartratesensor is decent . although not 100 accurate , i would say 75-80 accurate . stepcounter accuracy : 80 responsetime : when you face your wrist to see time : there is significant lag of 1-2 second which you wouldnot find in apple watch or any other high end watch like fit bit or samsung geartouchsensitivity : it is not a smooth a i wa expecting but at this price range it is decent . color : color are quite good in fact much better than amazfit bloodpressure light or lenovo smartwatch . battery : pretty powerful so far . almost last for 10 day after full charge even when app notification are always on and also heartratesensor is continuesly on . note : you canot take call or reply for your whatsapp message .",0,,,,,,,,,,,,,,,,,,,,,,,,,1,,,,,,,,,,,,,,,,,,,,,,,,,,,,,,,,,,,,,,,,,,,,,,,,,,,,,,,,,,,,,,,,,,,,,,,,,,,,,,,,,,,,,,,,,,,,,,,,,,,,,,,,,,,,,,,,,,,,,,,,,,,,,,,,,,,,,,,,,,,,,,,,,,,,,,,,,,,,,,,,,,,,,,,,,,,,,,,,,,,,,,,,,,,,,,,,,,,,,,,,,,,,,,,,,,,,,,,,,,,,,,,,,,,,,,,,,,,,,,,,,,,,,,,,,,,,,,,,,,,,,,,,,,,,,,,,,,,,,,,,,,,,,,,,,,,,,,,,,,,,,,,,,,,,,,,,,,,,,,,,,,,,,,,,,,,,,,,,,,,,,,,,,,,,,,,,,,,,,,,,,,,,,,,,,,,,
"amazon.in:customer reviews: fitbit fb507rgpk versa 2 health &amp; fitness smartwatch with heart rate, music, alexa built-in, sleep &amp; swim tracking, petal/copper rose, one size (s &amp; l bands included) (petal/copper rose)",fitbit,11-04-2019,Very good product go for it..,4,It is very good product.  I used in swimming pool and salty sea water no any lag found. Stap count accuracy is 80-90%. Battery life is around 8 days with wi fi use when needed. Aap is very good but notification sync problem when my one plus 7 restart so I cut one star. Aap give very good health tips. Alexa also work very fine. But NFC payment is not working in India hope it will be start soon..Overall go for it..,it is very good product . i used in swimming pool and salty sea water no any lag found . stap count accuracy is 80-90 . batterylife is around 8 day with wi fi use when needed . ap is very good but notification sync problem when my one plus 7 restart so i cut one star . ap give very good health tip . alexa also work very fine . but nfc payment is not working in india hope it will be start soon . overall go for it .,,,,,,,,,,,,,1,,,,,,,,,,,,,,,,,,,,,,,,,,,,,,,,,,,,,,,,,,,,,,,,,,,,,,,,,,,,,,,,,,,,,,,,,,,,,,,,,,,,,,,,,,,,,,,,,,,,,,,,,,,,,,,,,,,,,,,,,,,,,,,,,,,,,,,,,,,,,,,,,,,,,,,,,,,,,,,,,,-1,,,,,,,,,,,,,,,,,,,,,,,,,,,,,,,,,,,,,,,,,,,,,,,,,,,,,,,,,,,,,,,,,,,,,,,,,,,,,,,,,,,,,,,,,,,,,,,,,,,,,,,,,,,,,,,,,,,,,,,,,,,,,,,,,,,,,,,,,,,,,,,,,,,,,,,,,,,,,,,,,,,,,,,,,,,,,,,,,,,,,,,,,,,,,,,,,,,,,,,,,,,,,,,,,,,,,,,,,,,,,,,
"amazon.in:customer reviews: fitbit fb507rgpk versa 2 health &amp; fitness smartwatch with heart rate, music, alexa built-in, sleep &amp; swim tracking, petal/copper rose, one size (s &amp; l bands included) (petal/copper rose)",fitbit,11-06-2019,"Fake product description, no value for money",1,"Not value for money.Fake colour mentioned it's normal purple colour, Now Amazon saying it's non refundable product,Selling with fake images and details, no such feature to cost 20k","not value for money . fake colour mentioned it is normal purple colour , now amazon saying it is non refundable product , selling with fake image and detail , no such feature to cost 20 k",,,,,,,,,,,,,,,,,,,,,,,,,,,,,,,,,,,,,,,,,,,,,,,,,,,,,,,,,,,,,,,,,,,,,,,,,,,,,,,,,,,,,,,,,,,,,,,,,,,,,,,,,,,,,,,,,,,,,,,,,,,,,,,,,,,,,,,,,,,,,,,,,,,,,,,,,,,,,,,,,,,,,,,,,,,,,,,,,,,,,,,,,,,,,,,,,,,,,,,,,,,,,,,,,,,,,,,,,,,,,,,,,,,,,,,,,,,,,,,,,,,,,,,,,,,,,,,,,,,,,,,,,,,,,,,,,,,,,,,,,,,,,,,,,,,,,,,,,,,,,,,,,,,,,,,,,,,,,,,,,,,,,,,,,,,,,,,,,,,,,,,,,,,,,,,,,,,,,,,,,,,,,,,,,,,,,,,,,,,,,,,,,,,,,,,,,,,,,,
"amazon.in:customer reviews: noise colorfit pro 2 full touch control smart watch with 35g weight &amp; upgraded lcd display,ip68 waterproof,heart rate monitor,sleep &amp; step tracker,call &amp; message alerts &amp; long battery life (jet black)",noise,11-06-2019,Device is good but the app will frustrate you.,2,There are no major issues with the watch but a big issue with the app. The fitness tracker unbinds itself everyday from the app and it is almost impossible to pair it again without uninstalling the app. Colofit Pro 2 is a total waste of money because tracking down everything on the device sounds good but synchronising it is a tough job. So I wouldn't recommend anyone to buy this. I read all the reviews on amazon and bought it and was totally diappointed.,there are no major issues with the watch but a big issue with the app . the fitnesstracker unbinds itself everyday from the app and it is almost impossible to pair it again without uninstagramlling the app . colofit pro 2 is a total waste of money because tracking down everything on the device sound good but synchronising it is a tough job . so i wouldnot recommend anyone to buy this . i read all the review on amazon and bought it and wa totally diappointed .,,,,,,,,,,,,,,,,,,,,,,,,,,,,,,,,,,,,,,,,,,,,,,,,,,,,,,,,,,,,,,,,,,,,,,,,,,,,,,,,,,,,,,,,,,,,,,,,,,,,,,,,,,,,,,,,,,,,,,,,,,,,,,,,,,,,,,,,,,,,,,,,,,,,,,,,,,,,,,,,,,,,,,,,,,,,,,,,,,,,,,,,,,,,,,,,,,,,,,,,,,,,,,,,,,,,,,,,,,,,,,,,,,,,,,,,,,,,,,,,,,,,,,,,,,,,,,,,,,,,,,,,,,,,,,,,,,,,,,,,,,,,,,,,,,,,,,,,,,,,,,,,,,,,,,,,,,,,,,,,,,,,,,,,,,,,,,,,,,,,,,,,,,,,,,,,,,,,,,,,,,,,,,,,,,,,,,,,,,,,,,,,,,,,,,,,,,,,,,
"amazon.in:customer reviews: noise colorfit pro 2 full touch control smart watch with 35g weight &amp; upgraded lcd display,ip68 waterproof,heart rate monitor,sleep &amp; step tracker,call &amp; message alerts &amp; long battery life (jet black)",noise,11-09-2019,Good watch for the price.,4,Very good watch for the price. Worth the priceFeatures are good. Design is very good and minute things have been taken care. Interface and app are also easy to configure and use. Watch looks goood.Few things that need improvement:1. more watch faces and provision to choose watch face from phone gallery. Have only 5-6 watch faces to choose from.2. Touch is little late and do not take commands sometimes. Needs a little improvements. Sometimes have to touch multiple times while navigating across. Over all good3. Flipping the watch to see screen lighting up have a lag. It should be faster.4. More control of music needed.,very good watch for the price . worth the pricefeatures are good . design is very good and minute thing have been taken care . interface and app are also easy to configure and use . watch look good . few thing that need improvement:1. more watch face and provision to choose watch face from phone gallery . have only 5-6 watch face to choose from . 2. touch is little late and do not take command sometimes . need a little improvement . sometimes have to touch multiple time while navigationg across . over all good3 . flipping the watch to see screen lighting up have a lag . it should be faster . 4. more control of music needed .,,,,,,,,,,,,,,,,,,,,,,,,,,,,,,,,,,,,,,,,,,,,,,,,,,,,,,,,,,,,,,,,,,,,,,,,,,,,,,,,1,,,,,,,,,,,,,,,,,,,,,,,,,,,,,,,,,,,,,,,,,,,,,,,,,,,,,,,,,,,,,,,,,,,,,,,,,,,,,,,,,,,,,,,,,,,,,-1,,,,,,,,,,,,,,,,,,,,,,,,,,,,,,,,,,,,,,-1,,,,,,,,,,,,,,,,,,,,,,,,,,,,,,,,,,,,,,,,,,,,,,,,,,,,,,,,,,,,,,,,,,,,,,,,,,,,,,,,,,,,,,,,,,,,,,,,,,,,,,,,,,,,,,,,,,,,,,,,,,,,,,,,,,,,,,,,,,,,,,,,,,,,,,,,,,,,,,,,,,,,,,,,,,,,,,,,,,,,,,,,,,,
"amazon.in:customer reviews: fitbit fb507rgpk versa 2 health &amp; fitness smartwatch with heart rate, music, alexa built-in, sleep &amp; swim tracking, petal/copper rose, one size (s &amp; l bands included) (petal/copper rose)",fitbit,11-11-2019,Worth or not worth based on individuals. I wouldn't say worth.,2,"I liked it before I saw the Samsung gear which has got more features. I preferred Fitbit due to outer design, however it has less features comparing to Gear.The price was 22k when bought, but within 1 month it dropped .Nothing great in Versa 2 Vs Versa , but charging 7-8 k extra only for Alexa feature.Not satisfied after buing. I am not sure about services in major cities.Either go for Apple watch if you are affordable or go for some cheap activity tracker. Near waste.","i liked it before i saw the samsung gear which ha got more feature . i preferred fitbit due to outer design , however it ha le feature comparing to gear . the price wa 22 k when bought , but within 1 month it dropped . nothing great in versa 2 v versa , but charging 7-8 k extra only for alexa feature . not satisfied after buing . i am not sure about service in major city . either go for apple watch if you are affordable or go for some cheap activitytracker . near waste .",,,,,,,,,,,,,,,,,,,,,,,,,,,,,,,,,,,,,,,,,,,,,,,,,,,,,,,,,,,,,,,,,,,,,,,,,,,,,,,,,,,,,,,,,,,,,,,,,,,,,,,,,,,,,,,,,,,,,,,,,,,,,,,,,,,,,,,,,,,,,,,,,,,,,,,,,,,,,,,,,,,,,,,,,,,,,,,,,,,,,,,,,,,,,,,,,,,,,,,,,,,,,,,,,,,,,,,,,,,,,0,,,,,,,,,,,,,,,,,,,,,,,,,,,,,,,,,,,,,,,,,,,,,,,,,,,,,,,,,,,,,,,,,,,,,,,,,,,,,,,,,,,,,,,,,,,,,,-1,,,,,,,,,,,,,,,,,,,,,,,,,,,,,,,,,,,,,,,,,,,,,,,,,,,,,,,,,,,,,,,,,,,,,,,,,,,,,,,,,,,
"amazon.in:customer reviews: noise colorfit pro 2 full touch control smart watch with 35g weight &amp; upgraded lcd display,ip68 waterproof,heart rate monitor,sleep &amp; step tracker,call &amp; message alerts &amp; long battery life (jet black)",noise,11/14/2019,Nice product,4,Very good product and whatever is needed everything is there except call acceptance button and it should count the steps only when the person is walking not travelling by any other means. Also try to make the UI/UX smoother.,very good product and whatever is needed everything is there except call acceptance button and it should count the step only when the person is walking not travelling by any other mean . also try to make the ui/ux smoother .,,,,,,,,,,,,,,,,,,,,,,,,,,,,,,,,,,,,,,,,,,,,,,,,,,,,,,-1,,,,,,,,,,,,,,,,,,,,,,,,,,,,,,,,,,,,,,,,,,,,,,,,,,,,,,,,,,,,,,,,,,,,,,,,,,,,,,,,,,,,,,,,,,,,,,,,,,,,,,,,,,,,,,,,,,,,,,,,,,,,,,,,,,,,,,,,,,,,,,,,,,,,,,,,,,,,,,,,,,,,,,,,,,,,,,,,,,,,,,,,,,,,,,,,,,,,,,,,,,,,,,,,,,,,,,,,,,,,,,,,,,,,,,,,,,,,,,,,,,,,,,,,,,,,,,,,,,,,,-1,,,,,,,,,,,,,,,,,,,,,,,,,,,,,,,,,,,,,,,,,,,,,,,,,,,,,,,,,,,,,,,,,,,,,,,,,,,,,,,,,,,
"amazon.in:customer reviews: noise colorfit pro 2 full touch control smart watch with 35g weight &amp; upgraded lcd display,ip68 waterproof,heart rate monitor,sleep &amp; step tracker,call &amp; message alerts &amp; long battery life (jet black)",noise,11/14/2019,Great smart wearable at this price point!!,4,"Great looking piece for a smart wearable at this price point! And let’s take nothing away from it, the product delivers to expectations and is practical to the core. So to sum it up -What’s great -1. Display is pretty2. Long lasting battery3. It’s waterproof and dust proof (a must have)4. Light weight and ergonomic design5. Setup is a breeze6. Activity tracking, heart rate (continuous monitoring) and sleep statistics with added health and wellness feature is a boon7. Capacitive touch panel is slickNot so great -1. Limited watch faces2. Build quality can improve3. Lacks camera remote module (basic fitness band version has it though)4. Interface can improve to make it more intuitiveOverall a satisfactory product to own and worth recommending. Hope some of the highlighted creases get smoothened out with due course.","great looking piece for a smart wearable at this price point and let ’ s take nothing away from it , the product delivers to expectation and is practical to the core . so to sum it up -what ’ s great -1. display is pretty2 . long lasting battery3 . it ’ s waterproof and dust proof a must have 4. light weight and ergonomic design5 . setup is a breeze6 . activitytracking , heartrate continuous monitoring and sleep statistic with aded health and wellness feature is a boon7 . capacitive touch panel is slicknot so great -1. limited watch faces2 . buildquality can improve3 . lack camera remote module basic fitnessband version ha it though 4. interface can improve to make it more intuitiveoverall a satisfactory product to own and worth recommending . hope some of the highlighted crease get smoothened out with due course .",,,,,,,,,,,,,,,,,,,,,,,,,,1,,,,,,,,,,,,,,,,,,,,,,,,,,,,,,,,,,,,,,,,,,,,,,,,,,,,,,,,,,,,1,,,,,,,,,,,,,,,,,,,,,,,,,,,,,,,,,,,,,,,,,,,,,,,,,,,,,,,,,,,,,,,,,,,,,,,,,,,,,,,,,,,,,,,,,,,,,,,,,,,,,,,,,,,,,,,,,,,-1,,,,,,,,,,,,,,,,,,,,,,,,,,,,,,,,,,,,,,,,,,,,,,,,,,,,,,,,,,,,,,,,,,,,,,,,,,,,,,,,,,,,,,,,,,,,,,,,,,,,,,,,,,,,,,,,,,,,,,,,,,,,,,,,,,,,,,,,,,,,,,,,,,,,,,,,,,,,,,,,,,,,,,,,,,,,,,,,,,,,,,,,,,,,,,,,,,,,,
"amazon.in:customer reviews: noise colorfit pro 2 full touch control smart watch with 35g weight &amp; upgraded lcd display,ip68 waterproof,heart rate monitor,sleep &amp; step tracker,call &amp; message alerts &amp; long battery life (jet black)",noise,11/15/2019,Very nice watch,4,"Noise colorfit pro 2 is a very good product,Looks very nice, good colour, the only problem I found is respond of watch on tilting is bit slow, otherwise product is very good & so given 4 star.","noise colorfit pro 2 is a very good product , look very nice , good colour , the only problem i found is respond of watch on tilting is bit slow , otherwise product is very good so given 4 star .",,,,,,,,,,,,,,,,,,,,,,,,,,,,,,,,,,,,,,,,,,,,,,,,,,,,,,,,,,,,,,,,,,,,,,,,,,,,,,,,,,,,,,,,,,,,,,,,,,,,,,,,,,,,,,,,,,,,,,,,,,,,,,,,,,,,,,,,,,,,,,,,,,,,,,,,,,,,,,,,,,,,,,,,,,,,,,,,,,,,,,,,,,,,,,,,,,,,,,,,,,,,,,,,,,,,,,,,,,,,,,,,,,,,,,,,,,,,,,,,,,,,,,,,,,,,,,,,,,,,,,,,,,,,,,,,,,,,,,,,,,,,,,,,,,,,,,,,,,,,,,,,,,,,,,,,,,,,,,,,,,,,,,,,,,,,,,,,,,,,,,,,,,,,,,,,,,,,,,,,,,,,,,,,,,,,,,,,,,,,,,,,,,,,,,,,,,,,,,
"amazon.in:customer reviews: fitbit fb507rgpk versa 2 health &amp; fitness smartwatch with heart rate, music, alexa built-in, sleep &amp; swim tracking, petal/copper rose, one size (s &amp; l bands included) (petal/copper rose)",fitbit,11/15/2019,Not accuracy,1,"Worst product, Not accuracy. While I'm traveling on my car, automatically calculating the steps.","worst product , not accuracy . while i 'm traveling on my car , automatically calculating the step .",-1,,,,,,,,,,,,,,,,,,,,,,,,,,,,,,,,,,,,,,,,,,,,,,,,,,,,,,,,,,,,,,,,,,,,,,,,,,,,,,,,,,,,,,,,,,,,,,,,,,,,,,,,,,,,,,,,,,,,,,,,,,,,,,,,,,,,,,,,,,,,,,,,,,,,,,,,,,,,,,,,,,,,,,,,,,,,,,,,,,,,,,,,,,,,,,,,,,,,,,,,,,,,,,,,,,,,,,,,,,,,,,,,,,,,,,,,,,,,,,,,,,,,,,,,,,,,,,,,,,,,,,,,,,,,,,,,,,,,,,,,,,,,,,,,,,,,,,,,,,,,,,,,,,,,,,,,,,,,,,,,,,,,,,,,,,,,,,,,,,,,,,,,,,,,,,,,,,,,,,,,,,,,,,,,,,,,,,,,,,,,,,,,,,,,,,,,,,,,,
"amazon.in:customer reviews: fitbit fb507rgpk versa 2 health &amp; fitness smartwatch with heart rate, music, alexa built-in, sleep &amp; swim tracking, petal/copper rose, one size (s &amp; l bands included) (petal/copper rose)",fitbit,11/16/2019,Fitness King,5,This has doubled my fitness Target in 1 month. Awesome product to have.,this ha doubled my fitness target in 1 month . awesome product to have .,,,,,,,,,,,,,,,,,,,,,,,,,,,,,,,,,,,,,,,,,,,,,,,,,,,,,,,,,,,,,,,,,,,,,,,,,,,,,,,,,,,,,,,,,,,,,,,,,,,,,,,,,,,,,,,,,,,,,,,,,,,,,,,,,,,,,,,,,,,,,,,,,,,,,,,,,,,,,,,,,,,,,,,,,,,,,,,,,,,,,,,,,,,,,,,,,,,,,,,,,,,,,,,,,,,,,,,,,,,,,,,,,,,,,,,,,,,,,,,,,,,,,,,,,,,,,,,,,,,,,,,,,,,,,,,,,,,,,,,,,,,,,,,,,,,,,,,,,,,,,,,,,,,,,,,,,,,,,,,,,,,,,,,,,,,,,,,,,,,,,,,,,,,,,,,,,,,,,,,,,,,,,,,,,,,,,,,,,,,,,,,,,,,,,,,,,,,,,,
"amazon.in:customer reviews: noise colorfit pro 2 full touch control smart watch with 35g weight &amp; upgraded lcd display,ip68 waterproof,heart rate monitor,sleep &amp; step tracker,call &amp; message alerts &amp; long battery life (jet black)",noise,11/17/2019,noise Colour fit pro 2. Go for it guys. Awesome product,5,"If u consider pricing , it is not possible to get any branded smartwatch in that price range. There are similar smartwatches are available on net with more features but nobody assures you warranty and one cannot say features which they promise will actually work once u receive the product. Gone through detailing of this product, and yes I feel one of the best product in the market.","if you consider pricing , it is not possible to get any branded smartwatch in that price range . there are similar smartwatchs are available on net with more feature but nobody assures you warranty and one can not say feature which they promise will actually work once you receive the product . gone through detailing of this product , and yes i feel one of the best product in the market .",,,,,,,,,,,,,,,,,,,,,,,,,,,,,,,,,,,,,,,,,,,,,,,,,,,,,,,,,,,,,,,,,,,,,,,,,,,,,,,,,,,,,,,,,,,,,,,,,,,,,,,,,,,,,,,,,,,,,,,,,,,,,,,,,,,,,,,,,,,,,,,,,,,,,,,,,,,,,,,,,,,,,,,,,,,,,,,,,,,,,,,,,,,,,,,,,,,,0,,,,,,,,,,,,,,,,,,,,,,,,,,,,,,,,,,,,,,,,,,,,,,,,,,,,,,,,,,,,,,,,,,,,,,,,,,,,,,,,,,,,,,,,,,,,,,,,,,,,,,,,,,,,,,,,,,,,,,,,,,,,,,,,,,,,,,,,,,,,,,,,,,,,,,,,,,,,,,,,,,,,,,,,,,,,,,,,,,,,,,,,,,,,,,,,,,,,,,,,,,
"amazon.in:customer reviews: noise colorfit pro 2 full touch control smart watch with 35g weight &amp; upgraded lcd display,ip68 waterproof,heart rate monitor,sleep &amp; step tracker,call &amp; message alerts &amp; long battery life (jet black)",noise,11/17/2019,Not a good product at this price point,4,"Well, now that the product is in use since last almost a month, now I am in a state to write a review.Product looks good. But functions are not as expected. The response time to couple of seconds late. If you want to see the time, you can't see it instantly, rather you have to shake your hand a bit and after 2-3 seconds the time will flash. It's not convenient. So all the initial excitement of my son has gone. He doesn't wear it regularly now a days.Not good at this price point.","well , now that the product is in use since last almost a month , now i am in a state to write a review . product look good . but function are not a expected . the responsetime to couple of second late . if you want to see the time , you canot see it instagramntly , rather you have to shake your hand a bit and after 2-3 second the time will flash . it is not convenient . so all the initial excitement of my son ha gone . he doesnot wear it regularly now a day . not good at this price point .",,,,,,,,,,,,,,,,,,,,,,,,,,,,,,,,,,,,,,,,,,,,,,,,,,,,,,,,,,,,,,,,,,,,,,,,,,,,,,,,,,,,,,,,,,,,,,,,,,,,,,,,,,,,,,,,,,,,,,,,,,,,,,,,,,,,,,,,,,,,,,,,,,,,,,,,,,,,,,,,,,,,,,,,,,,,,,,,,,,,,,,,,,,,,,,,,,,,,,,,,,,,,,,,-1,,,,,,,,,,,,,,,,,,,,,,,,,,,,,,,,,,,,,,,,,,,,,,,,,,,,,,,,,,,,,,,,,,,,,,,,,,,,,,,,,,,,,,-1,,,,,,,,,,,,,,,,,,,,,,,,,,,,,,,,,,,,,,,,,,,,,,,,,,,,,,,,,,,,,,,,,,,,,,,,,,,,,,,,,,,,,,,,,,,,,,,,,,,,,,,,
"amazon.in:customer reviews: fitbit fb507rgpk versa 2 health &amp; fitness smartwatch with heart rate, music, alexa built-in, sleep &amp; swim tracking, petal/copper rose, one size (s &amp; l bands included) (petal/copper rose)",fitbit,11/23/2019,Review,5,All good and better then before,all good and better then before,,,,,,,,,,,,,,,,,,,,,,,,,,,,,,,,,,,,,,,,,,,,,,,,,,,,,,,,,,,,,,,,,,,,,,,,,,,,,,,,,,,,,,,,,,,,,,,,,,,,,,,,,,,,,,,,,,,,,,,,,,,,,,,,,,,,,,,,,,,,,,,,,,,,,,,,,,,,,,,,,,,,,,,,,,,,,,,,,,,,,,,,,,,,,,,,,,,,,,,,,,,,,,,,,,,,,,,,,,,,,,,,,,,,,,,,,,,,,,,,,,,,,,,,,,,,,,,,,,,,,,,,,,,,,,,,,,,,,,,,,,,,,,,,,,,,,,,,,,,,,,,,,,,,,,,,,,,,,,,,,,,,,,,,,,,,,,,,,,,,,,,,,,,,,,,,,,,,,,,,,,,,,,,,,,,,,,,,,,,,,,,,,,,,,,,,,,,,,,
"amazon.in:customer reviews: fitbit fb507rgpk versa 2 health &amp; fitness smartwatch with heart rate, music, alexa built-in, sleep &amp; swim tracking, petal/copper rose, one size (s &amp; l bands included) (petal/copper rose)",fitbit,11/24/2019,"Poor tracking capabilities, worthless",1,Best avoided. step count is inaccurate . Most forums do not have  a solution to this. Stuck with it as amozon says 'replaceable' not 'returnable '. Deserves zero stars.,best avoided . step count is inaccurate . most forum do not have a solution to this . stuck with it a amozon say 'replaceable ' not 'returnable ' . deserves zero star .,,,,,,,,,,,,,,,,,,,,,,,,,,,,,,,,,,,,,,,,,,,,,,,,,,,,,,,,,,,,,,,,,,,,,,,,,,,,,,,,,,,,,,,,,,,,,,,,,,,,,,,,,,,,,,,,,,,,,,,,,,,,,,,,,,,,,,,,,,,,,,,,,,,,,,,,,,,,,,,,,,,,,,,,,,,,,,,,,,,,,,,,,,,,,,,,,,,,,,,,,,,,,,,,,,,,,,,,,,,,,,,,,,,,,,,,,,,,,,,,,,,,,,,,,,,,,,,,,,,,,,,,,,,,,,,,,,,,,,,,,,,,,,,,,,,,,,,,,,,,,,,,,,,,,,,,,,,,,,,,,,,,,,,,,,,,,,,,,,,,,,,,,,,,,,,,,,,,,,,,,,,,,,,,,,,,,,,,,,,,,,,,,,,,,,,,,,,,,,
"amazon.in:customer reviews: noise colorfit pro 2 full touch control smart watch with 35g weight &amp; upgraded lcd display,ip68 waterproof,heart rate monitor,sleep &amp; step tracker,call &amp; message alerts &amp; long battery life (jet black)",noise,11/25/2019,Read it! before buying,4,"The product is good for  the price it is being sold. Accuracy is 3.5/5, look wise 5/5, battery life 4/5, screen response 3/5  but the main problem is with the application. Whenever the watch is out of Bluetooth range and comes back again in range of mobile it does not get automatically paired with mobile. every time you have to reinstall the application from the play store and again pair it. because of this all the data is lost and count start from ""zero"".i will not recommend this watch because of the application problem and makers of app also don't bother about fixing the issue.Go for mi smartband or any other band but just don't go for this","the product is good for the price it is being sold . accuracy is 3 . 5/5 , look wise 5/5 , batterylife 4/5 , screen response 3/5 but the main problem is with the application . whenever the watch is out of bluetooth range and come back again in range of mobile it doe not get automatically paired with mobile . every time you have to reinstagramll the application from the play store and again pair it . because of this all the data is lost and count start from zero . i will not recommend this watch because of the application problem and maker of app also donot bother about fixing the issue . go for mi smart band or any other band but just donot go for this",-1,,,,,,,,,,,,,,,,,,,,,,0,,,,,,,,,,,,,,,-1,,,,,,,,,,,,,,,,,,,,,,,,,,,,,,,,,,,,,,,-1,,,,,,,,,,,,,,,,,,,,,,,,,,,,,,,,,,,,,,,,,,,,,,,,,,,,,,,,,,,,,,,,,,,,,,,,,,,,,,,,,,,,,,,,,,,,,,,,,,,,,,,,,,,,,,,,,,,,,,,,,,,,,,,,,,,,,,,,,,,,,,,,,,,,,,,,,,,,,,,,,,,,,,,,,,,,,,,,,,,,,,,,,,,,,,,,,,,,,,,,,,,,,,,,,,,,,,,,,,,,,,,,,,,,,,,,,,,,,,,,,,,,,,,,,,,,,,,,,,,,,,,,,,,,,,,,,,,,,,,,,,,,,,,,,,,,,,,,,,,,,,,,,,,,,,,,,,,,,,,,,
"amazon.in:customer reviews: noise colorfit pro 2 full touch control smart watch with 35g weight &amp; upgraded lcd display,ip68 waterproof,heart rate monitor,sleep &amp; step tracker,call &amp; message alerts &amp; long battery life (jet black)",noise,11/26/2019,Bugs,4,"Update are no longer found and still 5 watch faces, u canot set through gallery and cannot reject calls only reject call in watch but cannot reject in mobile. You can go amazfit products .","update are no longer found and still 5 watch face , you canot set through gallery and can not rejectcalls only rejectcall in watch but can not reject in mobile . you can go amazfit product .",,,,,,,,,,,,,,,,,,,,,,,,,,,,,,,,,,,,,,,,,,,,,,,,,,,,,,,,,,,,,,,,,,,,,,,,,,,,,,,,,,,,,,,,,,,,,,,,,,,,,,,,,,,,,,,,,,,,,,,,,,,,,,,,,,,,,,,,,,,,,,,,,,,,,,,,,,,,,,,,,,,,,,,,,,,,,,,,,,,,,,,,,,,,,,,,,,,,,,,,,,,,,,,,,,,,,,,,,,,,,,,,,,,,,,,,,,,,,,,,,,,,,,,,,,,,,,,,,,,,,,,,,,,,,,,,,,,,,,,,,,,,,,,,,,,,,,,,,,,,,,,,,,,,,,,,,,,,,,,,,,,,,,,,,,,,,,,,,,,,,,,,,,,,,,,,,,,,,,,,,,,,,,,,,,,,,,,,,,,,,,,,,,,,,,,,,,,,,,
"amazon.in:customer reviews: fitbit fb507rgpk versa 2 health &amp; fitness smartwatch with heart rate, music, alexa built-in, sleep &amp; swim tracking, petal/copper rose, one size (s &amp; l bands included) (petal/copper rose)",fitbit,11/28/2019,Great,5,"Gifted husband on birthday.This is a very sleek looking piece.Calculates stairs and steps accurately.I feel this brand is costly for indian market.If they make a good watch for cost upto 8k  it will be great.I know technology and quality comes at price, but at the same time gadget prices keep dropping after competition comes into market.Like smartphones.","gifted husband on birthday . this is a very sleek looking piece . calculates stair and step accurately . i feel this brand is costly for indian market . if they make a good watch for cost upto 8 k it will be great . i know technology and quality come at price , but at the same time gadget price keep dropping after competition come into market . like smartphones .",,,,,,,,,,,,,,,,,,,,,,,1,,,,,,,,,,,,,,,,,,,,,,,,,,,,,,,,,,,,,,,,,,,,,1,,,,,,,,,,,,,,,,,,,,,,,,,,,,,,,,,,,,,,,,,,,,,,,,,,,,,,,,,,,,,,,,,,,,,,,,,,,,,,,,,,,,,,,,,,,,,,,,,,,,,,,,,,,,,,,,,,,,,,,,,,,,,,,,,,,,,,,,,,,,,,,,,,,,,,,,,,,,,,,,,,,,,,,,,,,,,,,,,,,,,,,,,,,,,,,,,,,,,,,,,,,,,,,,,,,,,,,,,,,,,,,,,,,,,,,,,,,,,,,,,,,,,,,,,,,,,,,,,,,,,,,,,,,,,,,,,,,,,,,,,,,,,,,,,,,,,,,,,,,,,,,,,,,,,,,,,,,,,,,,,,,,,,,,,,
"amazon.in:customer reviews: noise colorfit pro 2 full touch control smart watch with 35g weight &amp; upgraded lcd display,ip68 waterproof,heart rate monitor,sleep &amp; step tracker,call &amp; message alerts &amp; long battery life (jet black)",noise,11/30/2019,Connecting issue,4,I like the look and touch of the watch. But im facing connectivity issues with my phone. Its really time consuming . Connecting with phone should be automatic.,i like the look and touch of the watch . but i am facing connectivity issues with my phone . it really time consuming . connecting with phone should be automatic .,,,,,,,,,,,,,,,,,,,,,,,,,,,,,,,,,,,,,,,,,,,,,,,,,,,,,,,,,,,,,,,,,,,-1,,,,,,,,,,,,,,,,,,,,,,,,,,,,,,,,,,,,,,,,,,,,,,,,,,,,,,,,,,,,,,,,,,,,,,,,,,,,,,,,,,,,,,,,,,,,,,,,,,,,,,,,,,,,,,,,,,,,,,,,,,,,,,,,,,,,,,,,,,,,,,,,,,,,,,,,,,,,,,,,,,,,,,,,,,,,,,,,,,,,,,,,,,,,,,,,,,,,,,,,,,,,,,,,,,,,,,,,,,,,,,,,,,,-1,,,,,,,,,,,,,,,,,,,,,,,,,,,,,,,,,,,,,,,,,,,,,,,,,,,,,,,,,,,,,,,,,,,,,,,,,,,,,,,,,,,,,,,,,,,,,,,,,,,,,,,,
"amazon.in:customer reviews: noise colorfit pro 2 full touch control smart watch with 35g weight &amp; upgraded lcd display,ip68 waterproof,heart rate monitor,sleep &amp; step tracker,call &amp; message alerts &amp; long battery life (jet black)",noise,11/30/2019,Best Budget Smart Watch,4,Although the touch is laggy and the calculations are not that accurate still it is the best smart watch you can get in this price range,although the touch is laggy and the calculation are not that accurate still it is the best smartwatch you can get in this price range,,,,,,,,,,,,,,,,,,,,,,,,,,,,,,,,,,,,,,,,,,,,,,,,,,,,,,,,,,,,,,,,,,,,,,,,,,,,,,,,,,,,,,,,,,,,,,,,,,,,,,,,,,,,,,,,,,,,,,,,,,,,,,,,,,,,,,,,,,,,,,,,,,,,,,,,,,,,,,,,,,,,,,,,,,,,,,,,,,,,,,,,,,,,,,,,,,,,,,,,,,,,,,,,,,,,,,,,,,,,,,,,,,,,,,,,,,,,,,,,,,,,,,,,,,,,,,,,,,,,,,,,,,,,,,,,,,,,,,,,,,,,,,,,,,,,,,,,,,,,,,,,,,,,,,,,,,,,,,,,,,,,,,,,,,,,,,,,,,,,,,,,,,,,,,,,,,,,,,,,,,,,,,,,,,,,,,,,,,,,,,,,,,,,,,,,,,,,,,
"amazon.in:customer reviews: noise colorfit pro 2 full touch control smart watch with 35g weight &amp; upgraded lcd display,ip68 waterproof,heart rate monitor,sleep &amp; step tracker,call &amp; message alerts &amp; long battery life (jet black)",noise,12-01-2019,Very good product,5,"Very good item.heart rate, it shows the same as of mi band 4 and honor band 5, but it shows heart rate even if we keep it on table, glass, etc. Pedometer is very much accurate. Nice watch faces but only 4 are available. I thought we can set our pics as watch face like in noise colorfit pro but it doesn't have that feature. But it is a great product.","very good item . heartrate , it show the same a of mi band 4 and honor band 5 , but it show heartrate even if we keep it on table , glass , etc . pedometer is very much accurate . nice watch face but only 4 are available . i thought we can set our pic a watch face like in noise colorfit pro but it doesnot have that feature . but it is a great product .",,,,,,,,,,,,,,,,,,,,,,,,,,,,,,,,,,,,,,,,,,,,,,,,,,,,,,,,,,,,,,,,,,,,,,,,,,,,,,,,,,,,,,,,,,,,,,,,,,,,,,,,,,,,,,,,,,,,,,,,,,,,,,,,,,,,,,,,,,,,,,,,,,,,,,,,,,,,,,,,,,,,,,,,,,,,,,,,,,,,,,,,1,,,,,,,,,,,,,,,,,,,,,,,,,,,,,,,,,,,,,,,,,,,,,,,,,,,,,,,,,,,,,,,,,,,,,,,,,,,,,,,,,,,,,,,,,,,,,,,,,,,,,,,,,,,,,,,,,,,,,,,,,,,,,,,,,,,,,,,,,,,,,,,,,,,,,,,,,,,,,,,,,,,,,,,,,,,,,,,,,,,,,,,,,,,,,,,,,,,,,,,,,,,,,,,,,,,,,,
"amazon.in:customer reviews: fitbit fb507rgpk versa 2 health &amp; fitness smartwatch with heart rate, music, alexa built-in, sleep &amp; swim tracking, petal/copper rose, one size (s &amp; l bands included) (petal/copper rose)",fitbit,12-02-2019,DON'T BUY THIS PRODUCT WASTE OF MONEY,1,"This product is not worth of buying, it's waste of your money.Watch always disconnect with your phone, and don't have proper solution for that.I recommend not to buy it. You can go with other smart watches in market.","this product is not worth of buying , it is waste of your money . watch always disconnect with your phone , and donot have proper solution for that . i recommend not to buy it . you can go with other smartwatchs in market .",,,,,,,,,,,,,,,,,,,,,,,,,,,,,,,,,,,,,,,,,,,,,,,,,,,,,,,,,,,,,,,,,,,,,,,,,,,,,,,,,,,,,,,,,,,,,,,,,,,,,,,,,,,,,,,,,,,,,,,,,,,,,,,,,,,,,,,,,,,,,,,,,,,,,,,,,,,,,,,,,,,,,,,,-1,,,,,,,,,,,,,,,,,,,,,,,,,,,,,,,,,,,,,,,,,,,,,,,,,,,,,,,,,,,,,,,,,,,,,,,,,,,,,,,,,,,,,,,,,,,,,,,,,,,,,,,,,,,,,,,,,,,,,,,,,,,,,,,,,,,,,,,,,,,,,,,,,,,,,,,,,,,,,,,,,,,,,,,,,,,,,,,,,,,,,,,,,,,,,,,,,,,,,,,,,,,,,,,,,,,,,,,,,,,,,,,,,,,,,,
"amazon.in:customer reviews: fitbit fb507rgpk versa 2 health &amp; fitness smartwatch with heart rate, music, alexa built-in, sleep &amp; swim tracking, petal/copper rose, one size (s &amp; l bands included) (petal/copper rose)",fitbit,12-05-2019,Expensive Product - Less Value,1,Fit bit heart rate stopped workingStep count skips while driving.Overall very dis satisfied for the money I have paid.,fit bit heartrate stopped workingstep count skip while driving . overall very dis satisfied for the money i have paid .,,,,,,,,,,,,,,,,,,,,,,,,,,,,,,,,,,,,,,,,,,,,,,,,,,,,,,,,,,,,,,,,,,,,,,,,,,,,,,,,,,,,,,,,,,,,,,,,,,,,,,,,,,,,,,,,,,,,,,,,,,,,,,,,,,,,,,,,,,,,,,,,,,,,,,,,,,,,,,,,,,,,,,,,-1,,,,,,,,,,,,,,,,,,,,,,,,,,,,,,,,,,,,,,,,,,,,,,,,,,,,,,,,,,,,,,,,,,,,,,,,,,,,,,,,,,,,,,,,,,,,,,,,,,,,,,,,,,,,,,,,,,,,,,,,,,,,,,,,,,,,,,,,,,,,,,,,,,,,,,,,,,,,,,,,,,,,,,,,,,,,,,,,,,,,,,,,,,,,,,,,,,,,,,,,,,,,,,,,,,,,,,,,,,,,,,,,,,,,,,
"amazon.in:customer reviews: fitbit fb507rgpk versa 2 health &amp; fitness smartwatch with heart rate, music, alexa built-in, sleep &amp; swim tracking, petal/copper rose, one size (s &amp; l bands included) (petal/copper rose)",fitbit,12-06-2019,Useless product,1,"This product is a scam, have had it for 3 days.  WhatsApp/SmS notifications not worked 1 day.  Steps, heart rate are all inaccurate.It's nothing more than a time telling device.  Called the Fitbit help no. And was told that notifications issue has been going on for a few days now.  They are trying to figure it out.  It'll probably start working the day the return is processed.","this product is a scam , have had it for 3 day . whatsapp/smsnotification not worked 1 day . step , heartrate are all inaccurate . it is nothing more than a time telling device . called the fitbit help no . and wa told that notification issue ha been going on for a few day now . they are trying to figure it out . it will probably start working the day the return is processed .",,,,,,,,,,,,,,,,,,,,,,,,,,,,,,,,,,,,,,,,,,,,,,,,,,,,,,,,,,,,,,,,,,,,,,,,,,,,,,,,,,,,,,,,,,,,,,,,,,,,,,,,,,,,,,,,,,,,,,,,,,,,,,,,,,,,,,,,,,-1,,,,,,,,,,,,,,,,,,,,,,,,,,,,,,,,,,,,,-1,,,,,,,,,,,,,,,,,,,,,,,,,,,,,,,,,,,,,,,,,,,,,,,,,,,,,,,,,,,,,,,,,,,,,,,,,,,,,,,,,,,,,,,,,,,,,,,,,,,,,,,,,,,,,,,,,,,,,,,,,,,,,,,,,,,,,,,,,,,,,,,,,,,,,,,,,,,,,,,,,,,,,,,,,,,,,,,,,,,,,,,,,,,,,,,,,,,,,,,,,,,,,,,,,,,,,,,,,,,,,,,
"amazon.in:customer reviews: fitbit fb507rgpk versa 2 health &amp; fitness smartwatch with heart rate, music, alexa built-in, sleep &amp; swim tracking, petal/copper rose, one size (s &amp; l bands included) (petal/copper rose)",fitbit,12-07-2019,Good one with nice look and features - Fitbit Versa 2,4,"This is my first smart watch , which is not disappointing, 5 days charge for a normal use and if you are always connected via bluetooth means it may reduce to 3-4 daysFeatures are good , look is also goodGot it for 168 € on Black friday sale.","this is my first smartwatch , which is not disappointing , 5 day charge for a normal use and if you are always connected via bluetooth mean it may reduce to 3-4 daysfeatures are good , look is also goodgot it for 168 € on black friday sale .",,,,,,,,,,,,,,,,,,,,,,,,,,,,,,,,,,,,,,,,,,,,,,,,,,,,,,,,,,,,,,,,,,,,,,,,,,,,,,,,,,,,,,,,,,,,,,,,,,,,,,,,,,,,,,,,,,,,,,,,,,,,,,,,,,,,,,,,,,,,,,,,,,,,,,,,,,,,,,,,,,,,,,,,,,,,,,,,,,,,,,,,,,,,,,,,,,,,,,,,,,,,,,,,,,,,,,,,,,,,,,,,,,,,,,,,,,,,,,,,,,,,,,,,,,,,,,,,,,,,,,,,,,,,,,,,,,,,,,,,,,,,,,,,,,,,,,,,,,,,,,,,,,,,,,,,,,,,,,,,,,,,,,,,,,,,,,,,,,,,,,,,,,,,,,,,,,,,,,,,,,,,,,,,,,,,,,,,,,,,,,,,,,,,,,,,,,,,,,
"amazon.in:customer reviews: fitbit fb507rgpk versa 2 health &amp; fitness smartwatch with heart rate, music, alexa built-in, sleep &amp; swim tracking, petal/copper rose, one size (s &amp; l bands included) (petal/copper rose)",fitbit,12-08-2019,Constly in India....more money not so much value,5,I purchased it in Australia which is 8k cheaper than it is sold in India. You can go for a non-branded device with the similar features. I posted this review in a hope to help the middle class buyers (same as me) to save their money on irrelevant pricing.,i purchased it in australia which is 8 k cheaper than it is sold in india . you can go for a non-branded device with the similar feature . i posted this review in a hope to help the midle class buyer same a me to save their money on irrelevant pricing .,,,,,,,,,,,,,,,,,,,,,,,,,,,,,,,,,,,,,,,,,,,,,,,,,,,,,,,,,,,,,,,,,,,,,,,,,,,,,,,,,,,,,,,,,,,,,,,,,,,,,,,,,,,,,,,,,,,,,,,,,,,,,,,,,,,,,,,,,,,,,,,,,,,,,,,,,,,,,,,,,,,,,,,,,,,,,,,,,,,,,,,,,,,,,,,,,,,,-1,,,,,,,,,,,,,,,,,,,,,,,,,,,,,,,,,,,,,,,,,,,,,,,,,,,,,,,,,,,,,,,,,,,,,,,,,,,,,,,,,,,,,,,,,,,,,,,,,,,,,,,,,,,,,,,,,,,,,,,,,,,,,,,,,,,,,,,,,,,,,,,,,,,,,,,,,,,,,,,,,,,,,,,,,,,,,,,,,,,,,,,,,,,,,,,,,,,,,,,,,,
"amazon.in:customer reviews: fitbit fb507rgpk versa 2 health &amp; fitness smartwatch with heart rate, music, alexa built-in, sleep &amp; swim tracking, petal/copper rose, one size (s &amp; l bands included) (petal/copper rose)",fitbit,12-09-2019,FITBIT is ultimate!!,5,"Well for my BF's birthday I decided to gift him a smart watch as we both are hard core fitness enthusiasts. After a lot of research, I decided to but Amazfit watch worth 12900/-, but i was so so so disheartened by looking at that watch that i had to return it. It was of cheap quality Chinese smart watch type and so much issue's like dull display, laggy functions.I returned it the very next day and booked the Fitbit Versa 2....OMG what a smart watch it is !! It looks absolutely like apple smart watch and is "" Smart"" in real terms . It's quick, accurate and looks amazing. Absolutely a must buy for fitness freaks ..... thanks Amazon and Fitbit !!","well for my bf is birthday i decided to gift him a smartwatch a we both are hard core fitness enthusiast . after a lot of research , i decided to but amazfit watch worth 12900/- , but i wa so so so disheartened by looking at that watch that i had to return it . it wa of cheap quality chinese smartwatch type and so much issue is like dull display , laggy function . i returned it the very next day and booked the fitbit versa 2. omg what a smartwatch it is it look absolutely like apple smartwatch and is smart in real term . it is quick , accurate and look amazing . absolutely a must buy for fitness freak . thanks amazon and fitbit",,,,,,,,,,,,,,,,,,,,,,,,,,,,,,,,,,,,,,,,,,,,,,,,,,,,,,,,,,,,,,,,,,,,,,,,,,,,,,,,,,,,,,,,,,,,,,,,,,,,,,,,,,,,,,,,,,,,,,,,,,,,,,,,,,,,,,,,,,,,,,,,,,,,,,,,,,,,,,,,,,,,,,,,,,,,,,,,,,,,,,,,,,,,,,,,,,,,,,,,,,,,,,,,,,,,,,,,,,,,,,,,,,,,,,,,,,,,,,,,,,,,,,,,,,,,,,,,,,,,,,,,,,,,,,,,,,,,,,,,,,,,,,,,,,,,,,,,,,,,,,,,,,,,,,,,,,,,,,,,,,,,,,,,,,,,,,,,,,,,,,,,,,,,,,,,,,,,,,,,,,,,,,,,,,,,,,,,,,,,,,,,,,,,,,,,,,,,,,
"amazon.in:customer reviews: fitbit fb507rgpk versa 2 health &amp; fitness smartwatch with heart rate, music, alexa built-in, sleep &amp; swim tracking, petal/copper rose, one size (s &amp; l bands included) (petal/copper rose)",fitbit,12-09-2019,Not getting notifiable,3,Some times not getting any notification nor call notifications.,some time not getting any notification nor callnotification .,,,,,,,,,,,,,,,,,,,,,,,,,,,,,,,,,,,,,,,,,,,,,,,,,,,,,,,,,,,,,,,,,,,,,,,,,,,,,,,,,,,,,,,,,,,,,,,,,,,,,,,,,,,,,,,,,,,,,,,,,,,,,,,,,,,,,,,,,,,,,,,,,,,,,,,,,,,,,,,,,,,,,,,,,,,,,,,-1,,,,,,,,,,,,,,,,,,,,,,,,,,,,,,,,,,,,,,,,,,,,,,,,,,,,,,,,,,,,,,,,,,,,,,,,,,,,,,,,,,,,,,,,,,,,,,,,,,,,,,,,,,,,,,,,,,,,,,,,,,,,,,,,,,,,,,,,,,,,,,,,,,,,,,,,,,,,,,,,,,,,,,,,,,,,,,,,,,,,,,,,,,,,,,,,,,,,,,,,,,,,,,,,,,,,,,,,,,,,,,,
"amazon.in:customer reviews: fitbit fb507rgpk versa 2 health &amp; fitness smartwatch with heart rate, music, alexa built-in, sleep &amp; swim tracking, petal/copper rose, one size (s &amp; l bands included) (petal/copper rose)",fitbit,12-10-2019,Rose Gold,5,Fitbit Versa 2!! So Smooth and the design is fantastic...really love the product!! Go for it guys!!😊,fitbit versa 2 so smooth and the design is fantastic . really love the product go for it guy smiling face with smiling eye,,,,,,,,,,,,,,,,,,,,,,,,,,,,,,,,,,,,,,,,,,,,,,,,,,,,,,,,,,,,,,,,,,,,,,,,,,,,,,,,,,,,,,,,,,,,,,,,,,,,,,,,,,,,,,,,,,,,,,,,,,,,,,,,,,,,,,,,,,,,,,,,,,,,,,,,,,,,,,,,,,,,,,,,,,,,,,,,,,,,,,,,,,,,,,,,,,,,,,,,,,,,,,,,,,,,,,,,,,,,,,,,,,,,,,,,,,,,,,,,,,,,,,,,,,,,,,,,,,,,,,,,,,,,,,,,,,,,,,,,,,,,,,,,,,,,,,,,,,,,,,,,,,,,,,,,,,,,,,,,,,,,,,,,,,,,,,,,,,,,,,,,,,,,,,,,,,,,,,,,,,,,,,,,,,,,,,,,,,,,,,,,,,,,,,,,,,,,,,
"amazon.in:customer reviews: noise colorfit pro 2 full touch control smart watch with 35g weight &amp; upgraded lcd display,ip68 waterproof,heart rate monitor,sleep &amp; step tracker,call &amp; message alerts &amp; long battery life (jet black)",noise,12-12-2019,Nice watch with good battery life,4,This is a nice watch to keep track of your day today activities. But in my watch some times screen is getting on some times not for a look on time. I have to keep pressing side switch to see the time every now and then. Which is quite irritating to me.Although overall watch is very cool.,this is a nice watch to keep track of your day today activity . but in my watch some time screen is getting on some time not for a look on time . i have to keep pressing side switch to see the time every now and then . which is quite irritating to me . although overall watch is very cool .,,,,,,,,,,,,,,,,,,,,,,,,,,,,,,,,,,,,,,,,,,,,,,,,,,,,,,,,,,,,,,,,,,,,,,,,,,,,,,,,,,,,,,,,,,,,,,,,,,,,,,,,,,,,,,,,,,,,,,,,,,,,,,,,,,,,,,,,,,,,,,,,,,,,,,,,,,,,,,,,,,,,,,,,,,,,,,,,,,,,,,,,,,,,,,,,,,,,,,,,,,,,,,,,,,,-1,,,,,,,,,,,,,,,,,,,,,,,,,,,,,,,,,,,,,,,,,,,,,,,,,,,,,,,,,,,,,,,,,,,,,,,,,,,,,,,,,,,,,,,,,,,,,,,,,,,,,,,,,,,,,,,,,,,,,,,,,,,,,,,,,,,,,,,,,,,,,,,,,,,,,,,,,,,,,,,,,,,,,,,,,,,,,,,,,,,,,,,,,,,
"amazon.in:customer reviews: noise colorfit pro 2 full touch control smart watch with 35g weight &amp; upgraded lcd display,ip68 waterproof,heart rate monitor,sleep &amp; step tracker,call &amp; message alerts &amp; long battery life (jet black)",noise,12/13/2019,Must Go for it..  Thumbs Up for it!!,5,"Okay! So I am using this watch for more than a month now. Absolutely stylish design, sustainable quality material, light weight and looks super cool. Now coming to the functionality, I downloaded the noise pro fit app, just turned on the bluetooth and without connecting the watch with bluetooth directly, I synced it with the app as written in the instructions. Within seconds, all my apps synced well with the watch and I get all the notifications of my phone like: calls, sms, WhatsApp, SNS alerts so that I don't have to peep the phone all the time. I read in many reviews that it does not support the apps and does  it give notifications, I DO NOT AGREE WITH IT! I get all the notifications within fraction of a second. Its battery life is icing on the cake, lasts for atleast 15 days, like I charged it only twice post purchase. Functions like sedentary alert is an awesome feature. There seems no flaw from the developers end though! I mean u get all the looks, features and functionality at a cost of Rs. 2999, whereas many other brands provide almost same thing at a bomb of a price. I would suggest people to go for it without second thought. Only suggestions for the company is that if you could be more creative on the UI/UX part as in the digital dial, u must give atleast 2 or 3 options and fonts could be made better. Otherwise overall its a thumbs up guys! Giving big brands a run for money! Totally worth it!","okay so i am using this watch for more than a month now . absolutely stylish design , sustainable quality material , light weight and look super cool . now coming to the functionality , i downloaded the noise pro fit app , just turned on the bluetooth and without connecting the watch with bluetooth directly , i synced it with the app a written in the instruction . within second , all my apps synced well with the watch and i get all the notification of my phone like : call , sm , whatsapp , sn alert so that i donot have to peep the phone all the time . i read in many review that it doe not support the apps and doe it give notification , i do not agree with it i get all the notification within fraction of a second . it batterylife is icing on the cake , last for atleast 15 day , like i charged it only twice post purchase . function like sedentaryalert is an awesome feature . there seems no flaw from the developer end though i mean you get all the look , feature and functionality at a cost of r . 2999 , whereas many other brand provide almost same thing at a bomb of a price . i would suggest people to go for it without second thought . only suggestion for the company is that if you could be more creative on the ui/ux part a in the digital dial , you must give atleast 2 or 3 option and font could be made better . otherwise overall it a thumb up guy giving big brand a run for money totally worth it",,,,,,,,,,,,,,,,,,,,,,,,,,,,,,-1,,,,,,,,,,,,,,,,,,,,,,,,,,,,,,,,,,,,,,,,,,,,,,,,,,,,,,,,,,,,,,,,,,,,,,,,,,,,,,,,,,,,,,,,,,,,,,,,,,,,,,,,,,,,,,,,,,,,,,,,,,,,,,,,,,,,,,,,,,1,,,,,,,-1,,,,,,,,,,,,,,,,,,,,,,,,,,,,,,,,,,,,,,,,,,,,,,,,,,,,,,,,,,,,,,,,,,,,,,,,,,,,,,,,,,,,,,,,,,,,,,,,,,,,,,,,,,,,,,,,,,,,,,,,,,,,,,,,,,,,,,,,,,,,,,,,,,,,,,,,,,,,,,,,,,,,,,,,,,,,,,,,,,,,,,,,,,,,,,,,,,,,,,,,,,,,,,,,,,,,,,,,,,,,,,,
"amazon.in:customer reviews: fitbit fb507rgpk versa 2 health &amp; fitness smartwatch with heart rate, music, alexa built-in, sleep &amp; swim tracking, petal/copper rose, one size (s &amp; l bands included) (petal/copper rose)",fitbit,12/14/2019,Delighted customer,5,Amazing product...nice services..very good seller,amazing product . nice service . very good seller,,,,,,,,,,,,,,,,,,,,,,,,,,,,,,,,,,,,,,,,,,,,,,,,,,,,,,,,,,,,,,,,,,,,,,,,,,,,,,,,,,,,,,,,,,,,,,,,,,,,,,,,,,,,,,,,,,,,,,,,,,,,,,,,,,,,,,,,,,,,,,,,,,,,,,,,,,,,,,,,,,,,,,,,,,,,,,,,,,,,,,,,,,,,,,,,,,,,,,,,,,,,,,,,,,,,,,,,,,,,,1,,,,,,,,,,,,,,,,,,,,,,,,,,,,,,,,,,,,,,,,,,,,,,,,,,,,,,,,,,,,,,,,,,,,,,,,,,,,,,,,,,,,,,,,,,,,,,,,,,,,,,,,,,,,,,,,,,,,,,,,,,,,,,,,,,,,,,,,,,,,,,,,,,,,,,,,,,,,,,,,,,,,,,,,,,,,,,,,,
"amazon.in:customer reviews: noise colorfit pro 2 full touch control smart watch with 35g weight &amp; upgraded lcd display,ip68 waterproof,heart rate monitor,sleep &amp; step tracker,call &amp; message alerts &amp; long battery life (jet black)",noise,12/14/2019,Awesome fitness tracker,4,"This is a awesome Fitness tracker with good accuracy, it also can show Notifications but we cannot respond or Answer call from Device.Overall it is value for money if you are looking for Fitness tracker with Notifications access on Device.","this is a awesome fitnesstracker with good accuracy , it also can show notification but we can not respond or answer call from device . overall it is value for money if you are looking for fitnesstracker with notification access on device .",1,,,,,,,,,,,,,,,,,,,,,,,,,,,,,,,,,,,,,,,,,,,,,,,,,,,,,,,,,,,,,,,,,,,,,,,,,,,,,,,,,,,,,,,,,,,,,,,,,,,,,,,,,,,,,,,,,,,,,,,,,,,,,,,,,,,,,,,,,,,,,,,,,,,,,,,,,,,,,,,,,,,,,,,,,,,,,,0,,,,,,,,,,,,,,,,,,,,,,,,,,,,,,,,,,,,,,,,,,,,,,,,,,,,,,,,,,,,,,,,,,,,,,,,,,,,,,,,,,,,,,,,,,,,,,,,,,,,,,,,,,,,,,,,,,,,,,,,,,,,,,,,,,,,,,,,,,,,,,,,,,,,,,,,,,,,,,,,,,,,,,,,,,,,,,,,,,,,,,,,,,,,,,,,,,,,,,,,,,,,,,,,,,,,,,,,,,,,,,,
"amazon.in:customer reviews: noise colorfit pro 2 full touch control smart watch with 35g weight &amp; upgraded lcd display,ip68 waterproof,heart rate monitor,sleep &amp; step tracker,call &amp; message alerts &amp; long battery life (jet black)",noise,12/17/2019,Value for money !!!,4,"The product is extremely value for money,the looks are quite good, you can also control music and choose the music app ( Jio saavn, spotify etc ) whose music you want to control . Heart rate monitor is perfect.notification also works fine.","the product is extremely value for money , the look are quite good , you can also control music and choose the music app jio savn , sportify etc whose music you want to control . heartratemonitor is perfect . notification also work fine .",,,,,,,,,,,,,,,,,,,,,,,,,,,,,,,,,,,,,,,,,,,,,,,,,,,,,,,,,,,,,,,,,,,,,,,,,,,,,,,,,,,,,,,,,,,,,,,,,,,,,,,,,,,,,,,,,,,,,,,,,,,,,,,,,,,,,,,,,,,,,,,,1,,,,,,,,,,,,,,,,,,,,,,,,,,,,,,,1,,,,,,,,,,,,,,,,,,,,,,,,,,,,,,,,,,,,,,,,,,,,,,,,,,,,,,,,,,,,,,,,,,,,,,,,,,,,,,,,,,,,,,,,,,,,,,,,,,,,,,,,,,,,,,,,,,,,,,,,,,,,,,,,,,,,,,,,,,,,,,,,,,,,,,,,,,,,,,,,,,,,,,,,,,,,,,,,,,,,,,,,,,,,,,,,,,,,,,,,,,,,,,,,,,,,,,,,,,,,,,,
"amazon.in: buy samsung galaxy watch active 2 (bluetooth + lte, 44 mm) - black, steel dial, leather straps online at low prices in india | samsung reviews & ratings",samsung,12/17/2019,"4.0 out of 5 stars
Really happy to buy this product",4,"It's amazing experience with Samsung Galaxy active 2 smart watch. I really loved it.
Read more",it is amazing experience with samsung galaxy active 2 smartwatch . i really loved it . read more,,,,,,,,,,,,,,,,,,,,,,,,,,,,,,,,,,,,,,,,,,,,,,,,,,,,,,,,,,,,,,,,,,,,,,,,,,,,,,,,,,,,,,,,,,,,,,,,,,,,,,,,,,,,,,,,,,,,,,,,,,,,,,,,,,,,,,,,,,,,,,,,,,,,,,,,,,,,,,,,,,,,,,,,,,,,,,,,,,,,,,,,,,,,,,,,,,,,,,,,,,,,,,,,,,,,,,,,,,,,,,,,,,,,,,,,,,,,,,,,,,,,,,,,,,,,,,,,,,,,,,,,,,,,,,,,,,,,,,,,,,,,,,,,,,,,,,,,,,,,,,,,,,,,,,,,,,,,,,,,,,,,,,,,,,,,,,,,,,,,,,,,,,,,,,,,,,,,,,,,,,,,,,,,,,,,,,,,,,,,,,,,,,,,,,,,,,,,,,
"amazon.in:customer reviews: noise colorfit pro 2 full touch control smart watch with 35g weight &amp; upgraded lcd display,ip68 waterproof,heart rate monitor,sleep &amp; step tracker,call &amp; message alerts &amp; long battery life (jet black)",noise,12/17/2019,Value for money,4,Everything is worth the price. The response time should have been a little better. But still.. a little work on that would have been good.,everything is worth the price . the responsetime should have been a little better . but still . a little work on that would have been good .,,,,,,,,,,,,,,,,,,,,,,,,,,,,,,,,,,,,,,,,,,,,,,,,,,,,,,,,,,,,,,,,,,,,,,,,,,,,,,,,,,,,,,,,,,,,,,,,,,,,,,,,,,,,,,,,,,,,,,,,,,,,,,,,,,,,,,,,,,,,,,,,,,,,,,,,,,,,,,,,,,,,,,,,,,,,,,,,,,,,,,,,,,,,,,,,,,,,,,,,,,,,,,,,-1,,,,,,,,,,,,,,,,,,,,,,,,,,,,,,,,,,,,,,,,,,,,,,,,,,,,,,,,,,,,,,,,,,,,,,,,,,,,,,,,,,,,,,,,,,,,,,,,,,,,,,,,,,,,,,,,,,,,,,,,,,,,,,,,,,,,,,,,,,,,,,,,,,,,,,,,,,,,,,,,,,,,,,,,,,,,,,,,,,,,,,,,,,,,,,
"amazon.in:customer reviews: noise colorfit pro 2 full touch control smart watch with 35g weight &amp; upgraded lcd display,ip68 waterproof,heart rate monitor,sleep &amp; step tracker,call &amp; message alerts &amp; long battery life (jet black)",noise,12/19/2019,Not worth,3,The product is not at all cool as it looks...it has very bad functioning and doesnt even connect most of the times....very bad experience ....should be more updated....has many problem with it ....its not worth,the product is not at all cool a it look . it ha very bad function and doe not even connect most of the time . very bad experience . should be more updated . ha many problem with it . it not worth,,,,,,,,,,,,,,,,,,,,,,,,,,,,,,,,,,,,,,,,,,,,,,,,,,,,,,,,,,,,,,,,,,,,,,,,,,,,,,,,,,,,,,,,,,,,,,,,,,,,,,,,,,,,,,,,,,,,,,,,,,,,,,,,,,,,,,,,,,,,,,,,,,,,,,,,,,,,,,,,,,,,,,,,,,,,,,,,,,,,,,,,,,,,,,,,,,,,,,,,,,,,,,,,,,,,,,,,,,,,,,,,,,,,,,,,,,,,,,,,,,,,,,,,,,,,,,,,,,,,,,,,,,,,,,,,,,,,,,,,,,,,,,,,,,,,,,,,,,,,,,,,,,,,,,,,,,,,,,,,,,,,,,,,,,,,,,,,,,,,,,,,,,,,,,,,,,,,,,,,,,,,,,,,,,,,,,,,,,,,,,,,,,,,,,,,,,,,,,
"amazon.in:customer reviews: noise colorfit pro 2 full touch control smart watch with 35g weight &amp; upgraded lcd display,ip68 waterproof,heart rate monitor,sleep &amp; step tracker,call &amp; message alerts &amp; long battery life (jet black)",noise,12/20/2019,Top Quality and Great Price.,5,"Bought Colorfit Pro 2 a few weeks back. And I am very happy with what I got. I really love this watch and wear it everyday. Its syncs instantly with my android phone and have no problems whatsoever with this smart watch. Battery life is great.Starting my gym hopefully tomorrow, so will c how it works as a fitness watch. But I am very confident with the performance it is giving till now.I highly recommend this watch.","bought colorfit pro 2 a few week back . and i am very happy with what i got . i really love this watch and wear it everyday . it syncs instagramntly with my android phone and have no problem whatsoever with this smartwatch . batterylife is great . starting my gym hopefully tomorrow , so will c how it work a a fitness watch . but i am very confident with the performance it is giving till now . i highly recommend this watch .",,,,,,,,,,,,,,,,,,,,,,,,,,,,,,1,,,,,,,,,,,,,,,,,,,,,,,,,,,,,,,,,,,,,,,,,,,,,,,,,,,,,,,,,,,,,,,,,,,,,,,,,,,,,,,,,,,,,,,,,,,,,,,,,,,,,,,,,,,,,,,,,,,,,,,,,,,,,,,,,,,,,,,,,,,,,,,,,,,,,,,,,,,,,,,,,,,,,,,,,,,,,,,,,,,,,,,,,,,,,,,,,,,,,,,,,,,,,,,,,,,,,,,,,,,,,,,,,,,,,,,,,,,,,,,,,,,,,,,,,,,,,,,,,,,,,,,,,,,,,,,,,,,,,,,,,,,,,,,,,,,,,,,,,,,,,,,,,,,,,,,,,,,,,,,,,,,,,,,,,,,,,,,,,,,,,,,,,,,,,,,,,,,,,,,,,,,,,,,,
"amazon.in:customer reviews: fitbit fb507rgpk versa 2 health &amp; fitness smartwatch with heart rate, music, alexa built-in, sleep &amp; swim tracking, petal/copper rose, one size (s &amp; l bands included) (petal/copper rose)",fitbit,12/21/2019,Bad,1,Done not work with one plus 6.. very annoying,done not work with one plus 6. very annoying,,,,,,,,,,,,,,,,,,,,,,,,,,,,,,,,,,,,,,,,,,,,,,,,,,,,,,,,,,,,,,,,,,,,,,,,,,,,,,,,,,,,,,,,,,,,,,,,,,,,,,,,,,,,,,,,,,,,,,,,,,,,,,,,,,,,,,,,,,,,,,,,,,,,,,,,,,,,,,,,,,,,,,,,,,,,,,,,,,,,,,,,,,,,,,,,,,,,,,,,,,,,,,,,,,,,,,,,,,,,,,,,,,,,,,,,,,,,,,,,,,,,,,,,,,,,,,,,,,,,,,,,,,,,,,,,,,,,,,,,,,,,,,,,,,,,,,,,,,,,,,,,,,,,,,,,,,,,,,,,,,,,,,,,,,,,,,,,,,,,,,,,,,,,,,,,,,,,,,,,,,,,,,,,,,,,,,,,,,,,,,,,,,,,,,,,,,,,,,
"amazon.in:customer reviews: fitbit fb507rgpk versa 2 health &amp; fitness smartwatch with heart rate, music, alexa built-in, sleep &amp; swim tracking, petal/copper rose, one size (s &amp; l bands included) (petal/copper rose)",fitbit,12/23/2019,I really like this watch 👌 excellent,5,I really like this product 👌,i really like this product ok hand,,,,,,,,,,,,,,,,,,,,,,,,,,,,,,,,,,,,,,,,,,,,,,,,,,,,,,,,,,,,,,,,,,,,,,,,,,,,,,,,,,,,,,,,,,,,,,,,,,,,,,,,,,,,,,,,,,,,,,,,,,,,,,,,,,,,,,,,,,,,,,,,,,,,,,,,,,,,,,,,,,,,,,,,,,,,,,,,,,,,,,,,,,,,,,,,,,,,,,,,,,,,,,,,,,,,,,,,,,,,,,,,,,,,,,,,,,,,,,,,,,,,,,,,,,,,,,,,,,,,,,,,,,,,,,,,,,,,,,,,,,,,,,,,,,,,,,,,,,,,,,,,,,,,,,,,,,,,,,,,,,,,,,,,,,,,,,,,,,,,,,,,,,,,,,,,,,,,,,,,,,,,,,,,,,,,,,,,,,,,,,,,,,,,,,,,,,,,,,
"amazon.in:customer reviews: noise colorfit pro 2 full touch control smart watch with 35g weight &amp; upgraded lcd display,ip68 waterproof,heart rate monitor,sleep &amp; step tracker,call &amp; message alerts &amp; long battery life (jet black)",noise,12/24/2019,Nice product but bad delivery,4,Product is very nice but now a days Amazon is not at all delivering the products in 1-2 days. Not satisfied with the delivery time,product is very nice but now a day amazon is not at all delivering the product in 1-2 day . not satisfied with the delivery time,,,,,,,,,,,,,,,,,,,,,,,,,,,,,,,,,,,,,,,,,,,,,,,,,,,,,,,,,,,,,,,,,,,,,,,,,,,,,,,,,,,,,,,,,,,,,,,,,,,,,,,,,,,,,,,,,,,,,,,,,,,,,,,,,,,,,,,,,,,,,,,,,,,,,,,,,,,,,,,,,,,,,,,,,,,,,,,,,,,,,,,,,,,,,,,,,,,,,,,,,,,,,,,,,,,,,,,,,,,,,,,,,,,,,,,,,,,,,,,,,,,,,,,,,,,,,,,,,,,,,,,,,,,,,,,,,,,,,,,,,,,,,,,,,,,,,,,,,,,,,,,,,,,,,,,,,,,,,,,,,,,,,,,,,,,,,,,,,,,,,,,,,,,,,,,,,,,,,,,,,,,,,,,,,,,,,,,,,,,,,,,,,,,,,,,,,,,,,,
"amazon.in:customer reviews: noise colorfit pro 2 full touch control smart watch with 35g weight &amp; upgraded lcd display,ip68 waterproof,heart rate monitor,sleep &amp; step tracker,call &amp; message alerts &amp; long battery life (jet black)",noise,12/24/2019,VALUE FOR MONEY!!,4,"I won’t say cheap and best, because cheap never gonna best!!! I like the watch actually. I can say that, value for money. Go buy it but don’t expect too much. I can also say that you’ll be satisfied.","i won ’ t say cheap and best , because cheap never gon na best i like the watch actually . i can say that , value for money . go buy it but don ’ t expect too much . i can also say that you ’ ll be satisfied .",,,,,,,,,,,,,,,,,,,,,,,,,,,,,,,,,,,,,,,,,,,,,,,,,,,,,,,,,,,,,,,,,,,,,,,,,,,,,,,,,,,,,,,,,,,,,,,,,,,,,,,,,,,,,,,,,,,,,,,,,,,,,,,,,,,,,,,,,,,,,,,,,,,,,,,,,,,,,,,,,,,,,,,,,,,,,,,,,,,,,,,,,,,,,,,,,,,,,,,,,,,,,,,,,,,,,,,,,,,,,,,,,,,,,,,,,,,,,,,,,,,,,,,,,,,,,,,,,,,,,,,,,,,,,,,,,,,,,,,,,,,,,,,,,,,,,,,,,,,,,,,,,,,,,,,,,,,,,,,,,,,,,,,,,,,,,,,,,,,,,,,,,,,,,,,,,,,,,,,,,,,,,,,,,,,,,,,,,,,,,,,,,,,,,,,,,,,,,,
"amazon.in:customer reviews: fitbit fb507rgpk versa 2 health &amp; fitness smartwatch with heart rate, music, alexa built-in, sleep &amp; swim tracking, petal/copper rose, one size (s &amp; l bands included) (petal/copper rose)",fitbit,12/25/2019,No repair replacement after warranty,1,"Have had and like the fitbit. I have owned several of their devices in the past. I have had them all fail at about 12-18 months for whatever reason.  My Charge 2 failed at about 16 months. No reason -- no abuse -- just stopped charging. Not worth it.  For a device that you become dependent on -- it should last longer than this considering the price. And to top it they dont have any repair facilities, if your device malfunctions after the warranty period, you r expected to throw it away. Buyer beware.","have had and like the fitbit . i have owned several of their device in the past . i have had them all fail at about 12-18 month for whatever reason . my charge 2 failed at about 16 month . no reason -- no abuse -- just stopped charging . not worth it . for a device that you become dependent on -- it should last longer than this considering the price . and to top it they do not have any repair facility , if your device malfunction after the warranty period , you r expected to throw it away . buyer beware .",,,,,,,,,,,,,,,,,,,,,,,,,,,,,,,,,,,,,,,,,,,,,,,,,,,,,,,,,,,,,,,,,,,,,,,,,,,,,,,,,,,,,,,,,,,,,,,,,,,,,,,,,,,,,,,,,,,,,,,,,,,,,,,,,,,,,,,,,,,,,,,,,,,,,,,,,,,,,,,,,,,,,,,,,,,,,,,,,,,,,,,,,,,,,,,,,,,,,,,,,,,,,,,,,,,,,,,,,,,,,,,,,,,,,,,,,,,,,,,,,,,,,,,,,,,,,,,,,,,,,,,,,,,,,,,,,,,,,,,,,,,,,,,,,,,,,,,,,,,,,,,,,,,,,,,,,,,,,,,,,,,,,,,,,,,,,,,,,,,,,,,,,,,,,,,,,,,,,,,,,,,,,,,,,,,,,,,,,,,,,,,,,,,,,,,,,,,,,,
"amazon.in:customer reviews: noise colorfit pro 2 full touch control smart watch with 35g weight &amp; upgraded lcd display,ip68 waterproof,heart rate monitor,sleep &amp; step tracker,call &amp; message alerts &amp; long battery life (jet black)",noise,12/25/2019,Mini apple watch,4,"The media could not be loaded.
                



 Nice product, aftering received one time charged n almost 15 days has completed but still 50% battery is showing.BP monitor : 70-80% AccuracySteps count 60-70%Breath : I have not comparedDisadvantages : always noise fit app has to open other wise it will not connect to phone","nice product , aftering received one time charged n almost 15 day ha completed but still 50 battery is showing . bpmonitor : 70-80 accuracysteps count 60-70 breath : i have not comparedisadvantages : always noise fit app ha to open other wise it will not connect to phone",,,,,,,,,,,,,,,,,,,,,,,,,,-1,,,,,,,,,,,,,,,,,,,,,,,,,,,,,,,,,,,,,,,,,,,,,,,,,,,,,,,,,,,,,,,,,,,,,,,,,,,,,,,,,,,,,,,,,,,,,,,,,,,,,,,,,,,,,,,,,,,,,,,,,,,,,,,,,,,,,,,,,,,,,,,,,,,,,,,,,,,,,,,,,,,,,,,,,,,,,,,,,,,,,,,,,,,,,,,,,,,,,,,,,,,,,,,,,,,,,,,,,,,,,,,,,,,,,,,,,,,,,,,,,,,,,,,,,,,,,,,,,,,,,,,,,,,,,,,,,,,,,,,,,,,,,,,,,,,,,,,,,,,,,,,,,,,,,,,,,,,,,,,,,,,,,,,,,,,,,,,,,,,,,,,,,,,,,,,,,,,,,,,,,,,,,,,,,,,,
"amazon.in:customer reviews: noise colorfit pro 2 full touch control smart watch with 35g weight &amp; upgraded lcd display,ip68 waterproof,heart rate monitor,sleep &amp; step tracker,call &amp; message alerts &amp; long battery life (jet black)",noise,12/26/2019,Only sleep timer and step working properly,3,I purchased it as on 14-12-19 and i make fulley charged on that day and after thats i using it continueslly today its show bettry low means battery life is more then explain by Company.But ❤️ heart beats not accurate as per situation its Always shows 67-100 even i doing rest or workout and also breath app not working its only good for sleep timer and stepIf u want much more then think once before order .,i purchased it a on 14-12-19 and i make fulley charged on that day and after that is i using it continueslly today it show battery low mean batterylife is more then explain by company . but red heart heart beat not accurate a per situation it always show 67-100 even i doing rest or workout and also breath app not working it only good for sleeptimer and stepif you want much more then think once before order .,,,,,,,,,,,,,,,,,,,,,,,,,,-1,,,,,,,,,,,,,,,,,,,,,,,,,,,,,,,,,,,,,,,,,,,,,,,,,,,,,,,,,,,,,,,,,,,,,,,,,,,,,,,,,,,,,,,,,,,,,,,,,,,,,,,,,,,,,,,,,,,,,,,,,,,,,,,,,,,,,,,,,,,,,,,,,,,,,,,,,,,,,,,,,,,,,,,,,,,,,,,,,,,,,,,,,,,,,,,,,,,,,,,,,,,,,,,,,,,,,,,,,,,,,,,,,,,,,,,,,,,,,,,,,,,,,,,,,,,,,,,,,,,,,,,,,,,,,,,,,,,,,,,,,,,,,,,,,,,,,,,,,,,,,,,,,,,,,,,,,,,,,,,,,,,,,,,,,,,,,,,,,,,,,,,,,,,,,,,,,,,,,,,,,,,,,,,,,,,,
"amazon.in:customer reviews: fitbit fb507rgpk versa 2 health &amp; fitness smartwatch with heart rate, music, alexa built-in, sleep &amp; swim tracking, petal/copper rose, one size (s &amp; l bands included) (petal/copper rose)",fitbit,12/28/2019,Fitbit service is very poor in India,2,Fitbit does not have service center in India and that is the biggest spoiler. It's not worth trying even as the products have issue in 2-3 yes and it does not get resolved as they do not have local service centers,fitbit doe not have servicecenter in india and that is the biggest spoiler . it is not worth trying even a the product have issue in 2-3 yes and it doe not get resolved a they do not have local servicecenters,,,,,,,,,,,,,,,,,,,,,,,,,,,,,,,,,,,,,,,,,,,,,,,,,,,,,,,,,,,,,,,,,,,,,,,,,,,,,,,,,,,,,,,,,,,,,,,,,,,,,,,,,,,,,,,,,,,,,,,,,,,,,,,,,,,,,,,,,,,,,,,,,,,,,,,,,,,,,,,,,,,,,,,,,,,,,,,,,,,,,,,,,,,,,,,,,,,,,,,,,,,,,,,,,,,,,,,,,,,,,,-1,,,,,,,,,,,,,,,,,,,,,,,,,,,,,,,,,,,,,,,,,,,,,,,,,,,,,,,,,,,,,,,,,,,,,,,,,,,,,,,,,,,,,,,,,,,,,,,,,,,,,,,,,,,,,,,,,,,,,,,,,,,,,,,,,,,,,,,,,,,,,,,,,,,,,,,,,,,,,,,,,,,,,,,,,,,,,,,,
"amazon.in:customer reviews: fitbit fb507rgpk versa 2 health &amp; fitness smartwatch with heart rate, music, alexa built-in, sleep &amp; swim tracking, petal/copper rose, one size (s &amp; l bands included) (petal/copper rose)",fitbit,12/29/2019,Useless priduct,1,"The media could not be loaded.
                



 Its useless product..it count steps and calories even when i drive and when it is not in use..i want to return this but the dae has been over..no customer care no or service center available in Lucknow...",it useless product . it step count and calorie even when i drive and when it is not in use . i want to return this but the dae ha been over . no customercare no or servicecenter available in lucknow .,,,,,,,,,,,,,,,,,,,,,,,,,,,,,,,,,,,,,,,,,,,,,,,,,,,,,,,,,,,,,,,,,,,,,,-1,,,,,,,,,,,,,,,,,,,,,,,,,,,,,,,,,,,,,,,,,,,,,,,,,,,,,,,,,,,,,,,,,,,,,,,,,,,,,,,,,,,,,,,,,,,,,,,,,,,,,,,,,,,,,,,,,,,,,,,,,,,,,,,,,,,,,,,,,,,,,,,,,,,,,,,,,,,,,,,,,,,,,,,,,,,,,,,,,,,,,,,,,,,,,,,,,,,,,,,,,,,,,,,,,,,,,,,,,,,,,,,,,,,,,,,,,,,,,,,,,,,,,,,,,,,,,,,,,,,,,,,,,,,,,,,,,,,,,,,,,,,,,,,,,,,,,,,,,,,,,,,,,,,,,,,,,,,,,,,,,,,,,,,,
"amazon.in:customer reviews: fitbit fb507rgpk versa 2 health &amp; fitness smartwatch with heart rate, music, alexa built-in, sleep &amp; swim tracking, petal/copper rose, one size (s &amp; l bands included) (petal/copper rose)",fitbit,12/29/2019,Not worth 16k i bought for,2,"ConsFirst of all the stats are inaccurate,Bluetooth Connection is lost in entry 30 secsOverpricedTo access Apps u need premium account","consfirst of all the stats are inaccurate , bluetoothconnection is lost in entry 30 secsoverpricedto access apps you need premium account",,,,,,,,,,,,,,,,,,,,,,,,,,,,,,,,,,,,,,-1,,,,,,,,,,,,,,,,,,,,,,,,,,,,,,,,,,,,,,,,,,,,,,,,,,,,,,,,,,,,,,,,,,,,,,,,,,,,,,,,,,,,,,,,,,,,,,,,,,,,,,,,,,,,,,,,,,,,,,,,,,,,,,,,,,,,,,,,,,,,,,,,,,,,,,,,,,,,,,,,,,,,,,,,,,,,,,,,,,,,,,,,,,,,,,,,,,,,,,,,,,,,,,,,,,,,,,,,,,,,,,,,,,,,,,,,,,,,,,,,,,,,,,,,,,,,,,,,,,,,,,,,,,,,,,,,,,,,,,,,,,,,,,,,,,,,,,,,,,,,,,,,,,,,,,,,,,,,,,,,,,,,,,,,,,,,,,,,,,,,,,,,,,,,,,,,,,,,,,,,
"amazon.in:customer reviews: fitbit fb507rgpk versa 2 health &amp; fitness smartwatch with heart rate, music, alexa built-in, sleep &amp; swim tracking, petal/copper rose, one size (s &amp; l bands included) (petal/copper rose)",fitbit,12/31/2019,Crap Product and Notification issues,1,"This product is crap and they didnt do basic test for the most used phone in the regions they sell. Xiaomi Redmi are not the most used phones in India and China and notifications doesnt work in this phone. It looks premium but most of the features you cannot use it (e.g. you need to buy spotify premium to use it), pay wallets are not compatible to India. If you want just for fitness tracker please go for Mi band watches for <3K you get amazing features.","this product is crap and they did not do basic test for the most used phone in the region they sell . xiaomi redmi are not the most used phone in india and china and notification doe not work in this phone . it look premium but most of the feature you can not use it e. g. you need to buy sportify premium to use it , pay wallet are not compatible to india . if you want just for fitnesstracker please go for mi band watch for < 3 k you get amazing feature .",,,,,,,,,,,,,,,,,,,,,,,,,,,,,,,,,,,,,,,,,,,,,,,,,,,,,,,,,,,,,,,,,,,,,,,,,,,,,,,,,,,,,,,,,,,,,,,,,,,,,,,,,,,,,,,,,,,,,,,,,,,,,,,,,,,,,,,,,,,,,,,,,,,,,,,,,,,,,,,,,,,,,,,,,,,,,,,-1,,,,,,,,,,,,,,,,,,,,,,,,,,,,,,,,,,,,,,,,,,,,,,,,,,,,,,,,,,,,,,,,,,,,,,,,,,,,,,,,,,,,,,,,,,,,,,,,,,,,,,,,,,,,,,,,,,,,,,,,,,,,,,,,,,,,,,,,,,,,,,,,,,,,,,,,,,,,,,,,,,,,,,,,,,,,,,,,,,,,,,,,,,,,,,,,,,,,,,,,,,,,,,,,,,,,,,,,,,,,,,,
"amazon.in:customer reviews: noise colorfit pro 2 full touch control smart watch with 35g weight &amp; upgraded lcd display,ip68 waterproof,heart rate monitor,sleep &amp; step tracker,call &amp; message alerts &amp; long battery life (jet black)",noise,01-02-2020,Awesome watch but display gets scratches easily,3,"I liked the battery backup and the design style of it, nice device, light weight, comfortable straps and other functions are also good, but the only cons in this watch is  its screen , it is too small and very vulnerable. It gets scratches very easily, even on cleaning the screen for the first time with pure cotton cloth and very lightly, it got scratches . You must be very protective regarding its display to protect it from marks and scratches.","i liked the batterybackup and the design style of it , nice device , light weight , comfortable strap and other function are also good , but the only con in this watch is it screen , it is too small and very vulnerable . it get scratch very easily , even on cleaning the screen for the first time with pure cotton cloth and very lightly , it got scratch . you must be very protective reguarding it display to protect it from mark and scratch .",,,,,,,,,,,,,,,,,,,,,,,,,,,,,,,,,,,,,,,,,,,,,,,,,,,,,,,,,,,,,,,,,,,,,,,,,,,,,,,,,,,,,,-1,,,,,,,,,,,,,,,,,,,,,,,,,,,,,,,,,,,,,,,,,,,,,,,,,,,,,,,,,,,,,,,,,,,,,,,,,,,,,,,,,,,,,,,,,,,,,,,,,,,,,,,,,,,,,,,,,,,,,,,,,,,,,-1,,,,,,,,,,,,,,,,,,,,,,,,,,,,,,,,,,,,,,,,,,,,,,,,,,,,,,,,,,,,,,,,,,,,,,,,,,,,,,,,,,,,,,,,,,,,,,,,,,,,,,,,,,,,,,,,,,,,,,,,,,,,,,,,,,,,,,,,,,,,,,,,,,,,,,,,,,,,,,,,,,,,,,,,,,,,,,,,,,,,,,,,,,,
"amazon.in:customer reviews: noise colorfit pro 2 full touch control smart watch with 35g weight &amp; upgraded lcd display,ip68 waterproof,heart rate monitor,sleep &amp; step tracker,call &amp; message alerts &amp; long battery life (jet black)",noise,01-02-2020,An Awesome buy!!!,4,"NOISE COLORFIT PRO 2AFTER USING THE WATCH FOR A WEEKThis is a very good product. It has various features . The watch can go for 7 days without charging. The look of this watch is very stylish . I can wear it as a sporty yet glamorous look .For people with thin wrists , it will fit just right . I , myself have a thin wrists and it fits me perfectly. The watch is very compatible with today's world.THINGS THAT WOULD MAKE THIS WATCH BETTER I do see the hours of sleep in my app but it would have been better if it was visible on the watch. It has minor glitching when you are shifting the screens . Other wise the touch screen is pretty good.SUGGESTION I would totally suggest to buy this watch. It is a great buy.","noise colorfit pro 2 after using the watch for a weekthis is a very good product . it ha various feature . the watch can go for 7 day without charging . the look of this watch is very stylish . i can wear it a a sporty yet glamorous look . for people with thin wrist , it will fit just right . i , myself have a thin wrist and it fit me perfectly . the watch is very compatible with today is world . thing that would make this watch better i do see the hour of sleep in my app but it would have been better if it wa visible on the watch . it ha minor glitching when you are shifting the screen . other wise the touch screen is pretty good . suggestion i would totally suggest to buy this watch . it is a great buy .",,,,,,,,,,,,,,,,,,,,,,,,,,,,,,,,,,,,,,,,,,,,,,,,,,,,,,,,,,,,,,,,,,,,,,,,,,,,,,,,,,,,,,,,,,,,,,,,,,,,,,,,,,,,,,,,,,,,,,,,,,,,,,,,,,,,,,,,,,,,,,,,,,,,,,,,,,,,,,,,,,,,,,,,,,,,,,,,,,,,,,,,,,,,,,,,,,,,,,,,,,,,,,,,,,,0,,,,,,,,,,,,,,,,,,,,,,,,,,,,,,,,,,,,,,,,,,,,,,,,,,,,,,,,,,,,,,,,,,,,,,,,,,,,,,,,,,,,,,,,,,,,,,,,,,,,,,,,,,,,,,,,,,,,,,,,,,,,,,,,,,,,,,,,,,,,,,,,,,,,,,,,,,,,,,,,,,,,,,,,,,,,,,,,,,,,,,,,,,,
"amazon.in:customer reviews: noise colorfit pro 2 full touch control smart watch with 35g weight &amp; upgraded lcd display,ip68 waterproof,heart rate monitor,sleep &amp; step tracker,call &amp; message alerts &amp; long battery life (jet black)",noise,01-03-2020,Value for money.,4,"Accuracy,battery life good, touch is good but display is small. I used to wear big dial watch so that initially I felt little uncomfortable but now i am okay with this product. Packaging and delivery was good, nowadays Amazon is better than Flipkart in terms of delivery. Thanks Amazon.","accuracy , batterylife good , touch is good but display is small . i used to wear big dial watch so that initially i felt little uncomfortable but now i am okay with this product . packaging and delivery wa good , nowadays amazon is better than flipkart in term of delivery . thanks amazon .",,,,,,,,,,,,,,,,,,,,,,,,,,,,,,,,,,,,,,,,,,,,,,,,,,,,,,,,,,,,,,,,,,,,,,,,,,,,,,,,,0,,,,,,,,,,,,,,,,,,,,,,,,,,,,,,,,,,,,,,,,,,,,,,,,,,,,,,,,,,,,,,,,,,,,,,,,,,,,,,,,,,,,,,,,,,,,,,,,,,,,,,,,,,,,,,,,,,,,,,,,,,,,,,,,,,,,,,,,,,,,,,,,,,,,,,,,,,,,,,,,,,,,,,,,,,,,,,,,,,,,,,,,,,,,,,,,,,,,,,,,,,,,,,,,,,,,,,,,,,,,,,,,,,,,,,,,,,,,,,,,,,,,,,,,,,,,,,,,,,,,,,,,,,,,,,,,,,,,,,,,,,,,,,,,,,,,,,,,,,,,,,,,,,,,,,,,,,,,,
"amazon.in:customer reviews: noise colorfit pro 2 full touch control smart watch with 35g weight &amp; upgraded lcd display,ip68 waterproof,heart rate monitor,sleep &amp; step tracker,call &amp; message alerts &amp; long battery life (jet black)",noise,01-03-2020,Best watch,4,"Best product. You can buy this product .Only problem is that the screen is small. Please provide a large screen(full screen display).Battery life is good as it stays up to 1 week without charging .It answers ours touchscreen within seconds.Actually it is a fitness tracker ,it is not a smart watch.[No camera,No camera control,No pre applied screen protector .] Please provide a screen protector or watch case for the watch.In The box....StrapWarranty registering cardWatchInstruction book.etcFeatures...Locate your phone (if phone is within the range as it is Bluetooth connected,means it works only in the range of 100 meters)Heart rate9 Sports mode(but can only add 8) ,in the app .Breath feature.Sedementry remainder.Stop watch.AlaramMusic controlSmart notification .etcCall alert(can't accept the call,only regect it and it reminds after 3 sec)Excluding these problems( ) ,overall it is best ......","best product . you can buy this product . only problem is that the screen is small . please provide a large screen full screen display . batterylife is good a it stay up to 1 week without charging . it answer ours touch screen within second . actually it is a fitnesstracker , it is not a smartwatch . no camera , no cameracontrol , no pre applied screen protector . please provide a screen protector or watch case for the watch . in the box . strapwarranty registering cardwatchinstruction book . etcfeatures . locate your phone if phone is within the range a it is bluetooth connected , mean it work only in the range of 100 meter heartrate9 sport mode but can only ad 8 , in the app . breath feature . sedementry remainder . stop watch . alarammusiccontrolsmart notification . etccallalert canot accept the call , only regect it and it reminds after 3 sec excluding these problem , overall it is best .",,,,,,,,,,,,,,,,,,,,,,,,,,,,,,1,,,,,,,,-1,,,,,,,,,,,,,,,,-1,,,,,,,,,,,,,,,,,,,,,,,,,,,,,,,,,,,,,,,,,,,,,,,,,,,,,,,,,,,,,,,,,,,,,,,,,,,,,,,,,,,,,,,,,,,,,,,,,,,,,,,,,,,,,,,,,,,,,,,,,0,,,,,,,,,,,,,,,,,,,,,,,,,,,,,,,,,,,,0,,,,,,,,,,,,,,,,,,,,,,,,,,,,,,,,,,,,,,,,,,,,,,,,,,,,,,,,,,,,,,-1,,,,,,,,,,,,,,,,,,,,,,,,,,,,,,,,,,,,,,,,,,,,,,,,,,,,,,,,,,,,,,,,,,,,,,,,,,,,,,,,,,,,,,,,,,,,,,,,,,,,,,,,,,,,,,,,,,,,,,,,,,,,,
"amazon.in:customer reviews: noise colorfit pro 2 full touch control smart watch with 35g weight &amp; upgraded lcd display,ip68 waterproof,heart rate monitor,sleep &amp; step tracker,call &amp; message alerts &amp; long battery life (jet black)",noise,01-04-2020,scope of improvement in functionality like adding a nice receiver and call receiver.,4,Accuracy is 85 to 90 percent . Scope for improvement  1. If it consist a mice receiverat this price range  will be more valuable to this product and will improve the overall usability of this watch.,accuracy is 85 to 90 percent . scope for improvement 1. if it consist a mouse receiverat this price range will be more valuable to this product and will improve the overall usability of this watch .,-1,,,,,,,,,,,,,,,,,,,,,,,,,,,,,,,,,,,,,,,,,,,,,,,,,,,,,,,,,,,,,,,,,,,,,,,,,,,,,,,,,,,,,,,,,,,,,,,,,,,,,,,,,,,,,,,,,,,,,,,,,,,,,,,,,,,,,,,,,,,,,,,,,,,,,,,,,,,,,,,,,,,,,,,,,,,,,,,,,,,,,,,,,,,,,,,,,,,,,,,,,,,,,,,,,,,,,,,,,,,,,,,,,,,,,,,,,,,,,,,,,,,,,,,,,,,,,,,,,,,,,,,,,,,,,,,,,,,,,,,,,,,,,,,,,,,,,,,,,,,,,,,,,,,,,,,,,,,,,,,,,,,,,,,,,,,,,,,,,,,,,,,,,,,,,,,,,,,,,,,,,,,,,,,,,,,,,,,,,,,,,,,,,,,,,,,,,,,,,
"amazon.in:customer reviews: noise colorfit pro 2 full touch control smart watch with 35g weight &amp; upgraded lcd display,ip68 waterproof,heart rate monitor,sleep &amp; step tracker,call &amp; message alerts &amp; long battery life (jet black)",noise,01-06-2020,Pretty good product at this price point but it has some little ignorable cons😊,4,Cons.1. The screen could be a little big as there is very much of black area.2. Touch could be a little more responsive.3. Always on display should be there.4. Music app on watch doesn't worksss....!!!Pros.1. A very good product at this price point.2. I liked the battery life.3. The watch is pretty accurate about the details.,con . 1. the screen could be a little big a there is very much of black area . 2. touch could be a little more responsive . 3. always on display should be there . 4. music app on watch doesnot works . pro . 1. a very good product at this price point . 2. i liked the batterylife . 3. the watch is pretty accurate about the detail .,,,,,,,,,,,,,,,,,,,,,,,,,,,,,,1,,,,,,,,,,,,,,,,,,,,,,,,,,,,,,,,,,,,,,,,,,,,,,,,,,,,,,,,-1,,,,,,,,,,,,,,,,,,,,,,,,,,,,,,,,,,,,,,,,,,,,,,,,,,,,,,,,,,,,,,,,,,,,,,,,,,,,,,,,,,,,,,,,,,,,,,,,,,,,,,,,,,,,,,,,,,,,,,,,,,,,,-1,,,,,,,,,,,,,,,,,,,,,,,,,,,,,,,,,,,,,,,,,,,,,,,,,,,,,,,,,,,,,,,,,,,,,,,,,,,,,,,,,,,,,,,,,,,,,,,,,,,,,,,,,,,,,,,,,,,,,,,,,,,,,,,,,,,,,,,,,,,,,,,,,,,,,,,,,,,,,,,,,,,,,,,,,,,,,,,,,,,,,,,,,,,
"amazon.in:customer reviews: noise colorfit pro 2 full touch control smart watch with 35g weight &amp; upgraded lcd display,ip68 waterproof,heart rate monitor,sleep &amp; step tracker,call &amp; message alerts &amp; long battery life (jet black)",noise,01-07-2020,Product is worthy according to Performance,3,Yea the overall look is good and the product is also good but the performance is laggy and the heatbeat rating in bpm is not accurate..The Price according to the functions is worthy from my part i guess.. But overall i liked the product its good☺️,yea the overall look is good and the product is also good but the performance is laggy and the heatbeat rating in bpm is not accurate . the price according to the function is worthy from my part i guess . but overall i liked the product it good smiling face,,,,,,,,,,,,,,,,,,,,,,,,,,,,,,,,,,,,,,,,,,,,,,,,,,,,,,,,,,,,,,,,,,,,,,,,,,,,,,,,,,,,,,,,,,,,,,,,,,,,,,,,,,,,,,,,,,,,,,,,,,,,,,,,,,,,,,,,,,,,,,,,,,,,,,,,,,,,,,,,,,,,,,,,,,,,,,,,,,,,,,,,,,,,,,,,,,,,,,,,,,,,,,,,,,,,,,,,,,,,,,,,,,,,,,,,,,,,,,,,,,,,,,,,,,,,,,,,,,,,,,,,,,,,,,,,,,,,,,,,,,,,,,,,,,,,,,,,,,,,,,,,,,,,,,,,,,,,,,,,,,,,,,,,,,,,,,,,,,,,,,,,,,,,,,,,,,,,,,,,,,,,,,,,,,,,,,,,,,,,,,,,,,,,,,,,,,,,,,
"amazon.in:customer reviews: noise colorfit pro 2 full touch control smart watch with 35g weight &amp; upgraded lcd display,ip68 waterproof,heart rate monitor,sleep &amp; step tracker,call &amp; message alerts &amp; long battery life (jet black)",noise,01-08-2020,Update,4,"Would be helpful if you can also silence call , just like other categories  products. Wished if it can also show weather update. That would be great!!!","would be helpful if you can also silence call , just like other category product . wished if it can also show weather update . that would be great",,,,,,,,,,,,,,,,,,,,,,,,,,,,,,,,,,,,,,,,,,,,,,,,,,,,,,,,,,,,,,,,,,,,,,,,,,,,,,,,,,,,,,,,,,,,,,,,,,,,,,,,,,,,,,,,,,,,,,,,,,,,,,,,,,,,,,,,,,,,,,,,,,,,,,,,,,,,,,,,,,,,,,,,,,,,,,,,,,,,,,,,,,,,,,,,,,,,,,,,,,,,,,,,,,,,,,,,,,,,,,,,,,,,,,,,,,,,,,,,,,,,,,,,,,,,,,,,,,,,,,,,,,,,,,,,,,,,,,,,,,,,,,,,,,,,,,,,,,,,,,,,,,,,,,,,,,,,,,,,,,,,,,,,,,,,,,,,,,,-1,,,,,,,,,,,,,,,,,,,,,,,,,,,,,,,,,,,,,,,,,,,,,,,,,,,,,,,,,,,
"amazon.in:customer reviews: noise colorfit pro 2 full touch control smart watch with 35g weight &amp; upgraded lcd display,ip68 waterproof,heart rate monitor,sleep &amp; step tracker,call &amp; message alerts &amp; long battery life (jet black)",noise,01-08-2020,Need lots of improvements,3,It looks nice but function wise there are lots of things they need to improve. Even customise watch faces are also not available. Not all applications notifications are showing on this. For ex. Hike notifications are not available.,it look nice but function wise there are lot of thing they need to improve . even customisewatchfaces are also not available . not all application notification are showing on this . for ex . hike notification are not available .,,,,,,,,,,,,,,,,,,,,,,,,,,,,,,,,,,,,,,,,,,,,,,,,,,,,,,,,,,,,,,,,,,,,,,,,,,-1,,,,,,,,,,,,,,,,,,,,,,,,,,,,,,,,,,,,,,,,,,,,,,,,,,,,,,,,,,,,,,,,,,,,,,,,,,,,,,,,,,,,,,,,,,,,,,,,,,,,,-1,,,,,,,,,,,,,,,,,,,,,,,,,,,,,,,,,,,,,,,,,,,,,,,,,,,,,,,,,,,,,,,,,,,,,,,,,,,,,,,,,,,,,,,,,,,,,,,,,,,,,,,,,,,,,,,,,,,,,,,,,,,,,,,,,,,,,,,,,,,,,,,,,,,,,,,,,,,,,,,,,,,,,,,,,,,,,,,,,,,,,,,,,,,,,,,,,,,,,,,,,,,,,,,,,,,,,,,,,,,,,,,
"amazon.in:customer reviews: noise colorfit pro 2 full touch control smart watch with 35g weight &amp; upgraded lcd display,ip68 waterproof,heart rate monitor,sleep &amp; step tracker,call &amp; message alerts &amp; long battery life (jet black)",noise,01-08-2020,Overall good product,3,It's a good product but there is some problem with accuracy and does show right sleep time and even show please do some activity even after I take a walk for some meters. Cannot determine if I'm sleeping or awake.,it is a good product but there is some problem with accuracy and doe show right sleeptime and even show please do some activity even after i take a walk for some meter . can not determine if i 'm sleeping or awake .,-1,,,,,,,,,,,,,,,,,,,,,,,,,,,,,,,,,,,,,,,,,,,,,,,,,,,,,,,,,,,,,,,,,,,,,,,,,,,,,,,,,,,,,,,,,,,,,,,,,,,,,,,,,,,,,,,,,,,,,,,,,,,,,,,,,,,,,,,,,,,,,,,,,,,,,,,,,,,,,,,,,,,,,,,,,,,,,,,,,,,,,,,,,,,,,,,,,,,,,,,,,,,,,,,,,,,,,,,,,,,,,,,,,,,,,,,,,,,,,,,,,,,,,,,,,,,,,,,,,,,,,,,,,,,,,,,,,,,,,,,,,,,,,,,,,,,,,,,,,,,,,,,,,,,,,,,,,,,,,,,,,,,,,,,,,,,,,,,,,,,,,,,,,,,,,,,,,,,,,,,,,,,,,,,,,,,,,,,,,,,,,,,,,,,,,,,,,,,,,
"amazon.in:customer reviews: fitbit fb507rgpk versa 2 health &amp; fitness smartwatch with heart rate, music, alexa built-in, sleep &amp; swim tracking, petal/copper rose, one size (s &amp; l bands included) (petal/copper rose)",fitbit,01-09-2020,Worst product. Not value for money product compare to other smart watches,2,"Don't buy this product. I have returned after 10 days using, because it has connecting problem after some times in mobile app in my One plus 6T. And also problem of counting footsteps even though i was driving my bike and some times Car also. So footsteps accuracy is very bad. Battery life is good compare to samsung active2.It has very few watch screen compared to samsung and fossil, and you have to buy those watch screen because mostly not free.","donot buy this product . i have returned after 10 day using , because it ha connecting problem after some time in mobile app in my one plus 6 t . and also problem of counting footstep even though i wa driving my bike and some time car also . so footstepaccuracy is very bad . batterylife is good compare to samsung active2 . it ha very few watch screen compared to samsung and fossil , and you have to buy those watch screen because mostly not free .",,,,,,,,,,,,,,,,,,,,,,,,,,,,,,1,,,,,,,,,,,,,,,,,,,,,,,,,,,,,,,,,,,,,,,,,,,,,,,,,,,,,,,,,,,,,,,,,,,,,,,,,,,,,,,,,,,,,,,,,,,,,,,,,,,,,,,,,,,,,,,,,,,,,,,,,,,,,,,,,,,,,,,,,,,,,,,,,,,,,,,,,,,,,,,,,,,,,,,,,,,,,,,,,,,,,-1,,,,,,,,,,,,,,,,,,,,,,,,,,,,,,,,,,,,,,,,,,,,,,,,,,,,,,,,,,,,,,,,,,,,,,,,,,,,,,,,,,,,,,,,,,,,,,,,,,,,,,,,,,,,,,,,,,,,,,,,,,,,,,,,,,,,,,,,,,,,,,,,,,,,,,,,,,,-1,,,,,,,,,,,,,,,,,,,,,,,,,,,,,,,,
"amazon.in:customer reviews: fitbit fb507rgpk versa 2 health &amp; fitness smartwatch with heart rate, music, alexa built-in, sleep &amp; swim tracking, petal/copper rose, one size (s &amp; l bands included) (petal/copper rose)",fitbit,01-09-2020,Perfect watch,5,Love the look of the watch,love the look of the watch,,,,,,,,,,,,,,,,,,,,,,,,,,,,,,,,,,,,,,,,,,,,,,,,,,,,,,,,,,,,,,,,,,,,,,,,,,,,,,,,,,,,,,,,,,,,,,,,,,,,,,,,,,,,,,,,,,,,,,,,,,,,,,,,,,,,,,,,,,,,,,,,,,,,,,,,,,,,,,,,,,,,,,,,,,,,,,,,,,,,,,,,,,,,,,,,,,,,,,,,,,,,,,,,,,,,,,,,,,,,,,,,,,,,,,,,,,,,,,,,,,,,,,,,,,,,,,,,,,,,,,,,,,,,,,,,,,,,,,,,,,,,,,,,,,,,,,,,,,,,,,,,,,,,,,,,,,,,,,,,,,,,,,,,,,,,,,,,,,,,,,,,,,,,,,,,,,,,,,,,,,,,,,,,,,,,,,,,,,,,,,,,,,,,,,,,,,,,,,
"amazon.in:customer reviews: noise colorfit pro 2 full touch control smart watch with 35g weight &amp; upgraded lcd display,ip68 waterproof,heart rate monitor,sleep &amp; step tracker,call &amp; message alerts &amp; long battery life (jet black)",noise,01-10-2020,If you don’t want to miss any notification then buy it not for your activity.,4,It’s not so much accurate if I’m in travelling in A vehicle also it automatically counts the steps.Screen touch is good and It’s smooth.Battery life is up to 10 to 15 days approximately.,it ’ s not so much accurate if i ’ m in travelling in a vehicle also it automatically count the step . screen touch is good and it ’ s smooth . batterylife is up to 10 to 15 day approximetaly .,,,,,,,,,,,,,,,,,,,,,,,,,,,,,,0,,,,,,,,,,,,,,,,,,,,,,,,,,,,,,,,,,,,,,,,,,,,,,,,,,,,,,,,,,,,,,,,,,,,,,,,,,,,,,,,,,,,,,,,,,,,,,,,,,,,,,,,,,,,,,,,,,,,,,,,,,,,,,,,,,,,,,,,,,,,,,,,,,,,,,,,,,,,,,,,,,,,,,,,,,,,,,,,,,,,,1,,,,,,,,,,,,,,,,,,,,,,,,,,,,,,,,,,,,,,,,,,,,,,,,,,,,,,,,,,,,,,,,,,,,,,,,,,,,,,,,,,,,,,,,,,,,,,,,,,,,,,,,,,,,,,,,,,,,,,,,,,,,,,,,,,,,,,,,,,,,,,,,,,,,,,,,,,,,,,,,,,,,,,,,,,,,,,,,,,,,,,,,,,,
"amazon.in:customer reviews: fitbit fb507rgpk versa 2 health &amp; fitness smartwatch with heart rate, music, alexa built-in, sleep &amp; swim tracking, petal/copper rose, one size (s &amp; l bands included) (petal/copper rose)",fitbit,01-10-2020,Okay type,3,Okay type,okay type,,,,,,,,,,,,,,,,,,,,,,,,,,,,,,,,,,,,,,,,,,,,,,,,,,,,,,,,,,,,,,,,,,,,,,,,,,,,,,,,,,,,,,,,,,,,,,,,,,,,,,,,,,,,,,,,,,,,,,,,,,,,,,,,,,,,,,,,,,,,,,,,,,,,,,,,,,,,,,,,,,,,,,,,,,,,,,,,,,,,,,,,,,,,,,,,,,,,,,,,,,,,,,,,,,,,,,,,,,,,,,,,,,,,,,,,,,,,,,,,,,,,,,,,,,,,,,,,,,,,,,,,,,,,,,,,,,,,,,,,,,,,,,,,,,,,,,,,,,,,,,,,,,,,,,,,,,,,,,,,,,,,,,,,,,,,,,,,,,,,,,,,,,,,,,,,,,,,,,,,,,,,,,,,,,,,,,,,,,,,,,,,,,,,,,,,,,,,,,
"amazon.in:customer reviews: noise colorfit pro 2 full touch control smart watch with 35g weight &amp; upgraded lcd display,ip68 waterproof,heart rate monitor,sleep &amp; step tracker,call &amp; message alerts &amp; long battery life (jet black)",noise,01-10-2020,Worth it...,4,"Everything is going fine,  using from 15 days battery life last for 5 to 6 days ... only thing is Need more watch faces...","everything is going fine , using from 15 day batterylife last for 5 to 6 day . only thing is need more watch face .",,,,,,,,,,,,,,,,,,,,,,,,,,,,,,-1,,,,,,,,,,,,,,,,,,,,,,,,,,,,,,,,,,,,,,,,,,,,,,,,,,,,,,,,,,,,,,,,,,,,,,,,,,,,,,,,,,,,,,,,,,,,,,,,,,,,,,,,,,,,,,,,,,,,,,,,,,,,,,,,,,,,,,,,,,,,,,,,,,,,,,,,,,,,,,,,,,,,,,,,,,,,,,,,,,,,,,,,,,,,,,,,,,,,,,,,,,,,,,,,,,,,,,,,,,,,,,,,,,,,,,,,,,,,,,,,,,,,,,,,,,,,,,,,,,,,,,,,,,,,,,,,,,,,,,,,,,,,,,,,,,,,,,,,,,,,,,,,,,,,,,,,,,,,,,,,,,,,,,,,,,,,,,,,,,,,,,,,,,,,,,,,,,,,,,,,,,,,,,,,
"amazon.in:customer reviews: noise colorfit pro 2 full touch control smart watch with 35g weight &amp; upgraded lcd display,ip68 waterproof,heart rate monitor,sleep &amp; step tracker,call &amp; message alerts &amp; long battery life (jet black)",noise,01-10-2020,Software issues.,4,"Device doesnt connect to the mobile app, if connected it doesnt stay for a long time and app shows it is connected but shows no call or msg notifications on device(call,Msg&other alerts are ON in app) when device gets reconnected the setting in app are going back to default.","device doe not connect to the mobile app , if connected it doe not stay for a long time and app show it is connected but show no call or messagenotification on device call , message other alert are on in app when device get reconnected the setting in app are going back to default .",,,,,,,,,,,,,,,,,,,,,,,,,,,,,,,,,,,,,,,,,,,,,,,,,,,,,,,,,,,,,,,,,,,,,,,,,,,,,,,,,,,,,,,,,,,,,,,,,,,,,,,,,,,,,,,,,,,,,,,,,,,,,,,,,,,,,,,,,,,,,,,,,,,,,,,,,,,,,,,,,,,,,,,,,,,,,,,,,,,,,,,,,,,,,,,,,,,,,,,,,,,,,,,,,,,,,,,,,,,,,,,,,,,,,,,,,,,,,,,,,,,,,,,,,,,,,,,,,,,,,,,,,,,,,,,,,,,,,,,,,,,,,,,,,,,,,,,,,,,,,,,,,,,,,,,,,,,,,,,,,,,,,,,,,,,,,,,,,,,,,,,,,,,,,,,,,,,,,,,,,,,,,,,,,,,,,,,,,,,,,,,,,,,,,,,,,,,,,,
"amazon.in:customer reviews: noise colorfit pro 2 full touch control smart watch with 35g weight &amp; upgraded lcd display,ip68 waterproof,heart rate monitor,sleep &amp; step tracker,call &amp; message alerts &amp; long battery life (jet black)",noise,01-12-2020,Simple and elegant,4,"It was really a great one with all its features. It's found to be a good one, in market that adapts for everyone.","it wa really a great one with all it feature . it is found to be a good one , in market that adapts for everyone .",,,,,,,,,,,,,,,,,,,,,,,,,,,,,,,,,,,,,,,,,,,,,,,,,,,,,,,,,,,,,,,,,,,,,,,,,,,,,,,,,,,,,,,,,,,,,,,,,,,,,,,,,,,,,,,,,,,,,,,,,,,,,,,,,,,,,,,,,,,,,,,,,,,,,,,,,,,,,,,,,,,,,,,,,,,,,,,,,,,,,,,,,,,,,,,,,,,,,,,,,,,,,,,,,,,,,,,,,,,,,,,,,,,,,,,,,,,,,,,,,,,,,,,,,,,,,,,,,,,,,,,,,,,,,,,,,,,,,,,,,,,,,,,,,,,,,,,,,,,,,,,,,,,,,,,,,,,,,,,,,,,,,,,,,,,,,,,,,,,,,,,,,,,,,,,,,,,,,,,,,,,,,,,,,,,,,,,,,,,,,,,,,,,,,,,,,,,,,,
"amazon.in:customer reviews: fitbit fb507rgpk versa 2 health &amp; fitness smartwatch with heart rate, music, alexa built-in, sleep &amp; swim tracking, petal/copper rose, one size (s &amp; l bands included) (petal/copper rose)",fitbit,1/13/2020,Worst experience,1,Purchased on 18.12 regularly having problems and notifications are an issuing. They do not have any service outlet here. Initially they accepted the problem and gave a replacement end of December which worked only for couple of days and later same issue. Now they claim they have comparability issue with android os and requested to approach the dealer for refund or exchange as replacement will have same issues. Now I am at the mercy of the dealer who is giving excuses. New waste your money on this product you,purchased on 18 . 12 regularly having problem and notification are an issueing . they do not have any service outlet here . initially they accepted the problem and gave a replacement end of december which worked only for couple of day and later same issue . now they claim they have compatibility issue with android o and requested to approach the dealer for refund or exchang a replacement will have same issues . now i am at the mercy of the dealer who is giving excuse . new waste your money on this product you,,,,,,,,,,,,,,,,,,,,,,,,,,,,,,,,,,,,,,,,,,,,,,,,,,,,,,,,,,,,,,,,,,,,,,,,,,,,,,,,,,,,,,,,,,,,,,,,,,,,,,,,,,,,,,,,,,,,,,,,,,,,,,,,,,,,,,,,,,,,,,,,,,,,,,,,,,,,,,,,,,,,,,,,-1,,,,,,,-1,,,,,,,,,,,,,,,,,,,,,,,,,,,,,,,,,,,,,,,,,,,,,,-1,,,,,,,,,,,,,,,,,,,,,,,,,,,,,,,,,,,,,,,,,,,,,,,,,,,,,,,,,,,,,,,,,,,,,,,,,,,,,,,,,,,,,,,,,,,,,,,,,,,,,,,,,,,,,,,,,,,,,,,,,,,,,,,,,,,,,,,,,,,,,,,,,,,,,,,,,,,,,,,,,,,,,,,,,,,,,,,,,
"amazon.in:customer reviews: noise colorfit pro 2 full touch control smart watch with 35g weight &amp; upgraded lcd display,ip68 waterproof,heart rate monitor,sleep &amp; step tracker,call &amp; message alerts &amp; long battery life (jet black)",noise,1/13/2020,Best smart watch in this price range,4,Worth for the money..good battery life.. connectivity is fine...no inbuild GPS....noisefit sports app is nice....only 5 watch faces that is disappointment..Compare amaze fit bip with this and buy,worth for the money . good batterylife . connectivity is fine . no inbuilt gps . noisefit sport app is nice . only 5 watch face that is disappointment . compare amaze fit bloodpressure with this and buy,,,,,,,,,,,,,,,,,,,,,,,,,,,,,,1,,,,,,,,,,,,,,,,,,,,,,,,,,,,,,,,,,,,,1,,,,,,,,,,,,,,,,,,,,,,,,,,,,,,,,,,,,,,,,,,,,,,,,,-1,,,,,,,,,,,,,,,,,,,,,,,,,,,,,,,,,,,,,,,,,,,,,,,,,,,,1,,,,,,,,,,,,,,,,,,,,,,,,,,,,,,,,,,,,,,,,,,,,,,,,,,,,,,,,,,,,,,,,,,,,,,,,,,,,,,,,,,,,,,,,,,,,,,,,,,,,,,,,,,,,,,,,,,,,,,,,,,,,,,,,,,,,,,,,,,,,,,,,,,,,,,,,,,,,,,,,,,,,,,,,,,,,,,,,,,,,,,,,,,,,,,,,,,,,,,,,,,,,,,,,,,,,,,,,,,,,,,,,,,,,,,
"amazon.in:customer reviews: noise colorfit pro 2 full touch control smart watch with 35g weight &amp; upgraded lcd display,ip68 waterproof,heart rate monitor,sleep &amp; step tracker,call &amp; message alerts &amp; long battery life (jet black)",noise,1/13/2020,Good product noise color pro2 smart watch,5,"Thanks to noise color pro2 smart watch really excellent product,and thanks to amazon speed delivery.Pros of color fit pro 2: stylish look, working flawlessly with my SAMSUMG A50S. I can receive all notifications, read messages, control music (working nicely with All apps, by clicking play button songs can be played). The activity tracker is also working fine. Good battery life.Cons: Only 5 watch faces (request to noise to update number of watch faces which ll make this watch awesome)","thanks to noise color pro2 smartwatch really excellent product , and thanks to amazon speed delivery . pro of color fit pro 2 : stylish look , working flawlessly with my samsumg a50 s . i can receive all notification , read message , control music working nicely with all apps , by clicking playbutton song can be played . the activitytracker is also working fine . good batterylife . con : only 5 watch face request to noise to update number of watch face which ll make this watch awesome",,,,,1,,,,,,,,,,,,,,,,,,,,,,,,,1,,,,,,,,,,,,,,,,,,,,,,,,,,,,,,,,,,,,,,,,,,,,,,,,,,,,,,,,,,,,,,,,,,,,,,,,,,,,,,,,,,,,,,,,,,,,,,,,,,,,,,,,,,,,,,,,,,,,,,,,,,,,,,,,,,,,,,,,,,,,,,,,,,,,,,,,,,,,,,,,,,,,,,,,,,,,,,,,,,,,,,,,,,,,,,,,,,,,,,,,,,,,,,,,,,,,,,,,,,,,,,,,,,,,,,,,,,,,,,,,,,,,,,,,,,,,,,,,,,,,,,,,,,,,,,,,,,,,,,,,,,,,,,,,,,,,,,,,,,,,,,,,,,,,,,,,,,,,,,,,,,,,,,,,,,,,,,,,,,,,,,,,,,,,,,,,,,,,,,,,,,,,,,,,
"amazon.in:customer reviews: fitbit fb507rgpk versa 2 health &amp; fitness smartwatch with heart rate, music, alexa built-in, sleep &amp; swim tracking, petal/copper rose, one size (s &amp; l bands included) (petal/copper rose)",fitbit,1/13/2020,Inaccurate calories burnt,3,"Overall a not so good watch to buy.It calculates overall calories burnt in a day i.e it calculates your calories burnt during exercise and calories burnt in daily activities (like breathing,etc).We can’t separate these caloric counts.Not recommended for fitness enthusiasts and personal who wants to trace calorie loss.","overall a not so good watch to buy . it calculates overall calorie burnt in a day i. e it calculates your calorie burnt during exercise and calorie burnt in dial y activity like breathing , etc . we can ’ t separate these caloric count . not recommended for fitness enthusiast and personal who want to trace calorie loss .",,,,,,,,,,,,,,,,,,,,,,,,,,,,,,,,,,,,,,,,,,,,,,,,,,,,,,,,0,,,,,,,,,,,,,,,,,,,,,,,,,,,,,,,,,,,,,,,,,,,,,,,,,,,,,,,,,,,,,,,,,,,,,,,,,,,,,,,,,,,,,,,,,,,,,,,,,,,,,,,,,,,,,,,,,,,,,,,,,,,,,,,,,,,,,,,,,,,,,,,,,,,,,,,,,,,,,,,,,,,,,,,,,,,,,,,,,,,,,,,,,,,,,,,,,,,,,,,,,,,,,,,,,,,,,,,,,,,,,,,,,,,,,,,,,,,,,,,,,,,,,,,,,,,,,,,,,,,,,,,,,,,,,,,,,,,,,,,,,,,,,,,,,,,,,,,,,,,,,,,,,,,,,,,,,,,,,,,,,,,,,,,,,,,,,,,,,,,,,,
"amazon.in:customer reviews: fitbit fb507rgpk versa 2 health &amp; fitness smartwatch with heart rate, music, alexa built-in, sleep &amp; swim tracking, petal/copper rose, one size (s &amp; l bands included) (petal/copper rose)",fitbit,1/14/2020,WORST COMPANY,1,"the FITBIT gives 365 days warranty and post 365 days your fitbit start to give issues and stops working. this happen with me as well. no physical damage but one fine day it just stopped displaying anything, though its connected to the app. when tried to contact the FITBIT help they said --After checking all details of your watch, we are saddened to inform you that it is already outside the 365-day warranty period. For this reason, we're afraid it no longer qualifies for a warranty claim/replacement. At this time, we do not have service centers anywhere in the world that would allow us to repair devices.so you charge a good amount for the smartwatch but you cannot service or repair it, i am sure its just a software issue, i will definitely go to consumer court.","the fitbit give 365 day warranty and post 365 day your fitbit start to give issues and stop working . this happen with me a well . no physicalal damage but one fine day it just stopped displaying anything , though it connected to the app . when tried to contact the fitbit help they said -- after checking all detail of your watch , we are sadened to inform you that it is already outside the 365-day warranty period . for this reason , we are afraid it no longer qualifies for a warranty claim/replacement . at this time , we do not have servicecenters anywhere in the world that would allow u to repair device . so you charge a good amount for the smartwatch but you can not service or repair it , i am sure it just a software issue , i will definitely go to consumer court .",,,,,,,,,,,,,,,,,,,,,,,,,,,,,,,,,,,,,,,,,,,,,,,,,,,,,,,,,,,,,,,,,,,,,,,,,,,,,,,,,,,,,,,,,,,,,,,,,,,,,,,,,,,,,,,,,,,,,,,,,,,,,,,,,,,,,,,,,,,,,,,,,,,,,,,,,,,,,,,,,,,,,,,,,,,,,,,,,,,,,,,,,,,,,,,,,,,,,,,,,,,,,,,,,,,,,,,,,,,,,,-1,,,,,,,,,,,,,,,,,,,,,,,,,,,,,,,,,,,,,,,,,,,,,,,,,,,,,,,,,,,,,,,,,,,,,,,,,,,,,,,,,,,,,,,,,,,,,,,,,,,,,,,,,,,,,,,,,,,,,,,,,,,,,,,,,,,,,,,,,,,,,,,,,,,,,,,,,,,,,,,,,,,,,,,,,,,,,,,,
"amazon.in:customer reviews: noise colorfit pro 2 full touch control smart watch with 35g weight &amp; upgraded lcd display,ip68 waterproof,heart rate monitor,sleep &amp; step tracker,call &amp; message alerts &amp; long battery life (jet black)",noise,1/15/2020,I liked everything except dialing as only 5 default dials are there in the watch,4,"I liked the product very much infact my sister also took the same product but different color. I would like to suggest that, in next product please add more dials in the watch or we can download in the noise fit app. And even to pick up the calls and we can talk on the watch. I hope the next watch would be good for me and everyone.","i liked the product very much infact my sister also took the same product but different color . i would like to suggest that , in next product please ad more dial in the watch or we can download in the noise fit app . and even to pick up the call and we can talk on the watch . i hope the next watch would be good for me and everyone .",,,,,,,,,,,,,,,,,,,,,,,,,,,,,,,,,,,,,,,,,,,,,,,,,,,,,,0,,,,,,,,,,,,,,,,,,,,,,,,,,,-1,,,,,,,,,,,,,,,,,,,,,,,,,,,,,,,,,,,,,,,,,,,,,,,,,,,,,,,,,,,,,,,,,,,,,,,,,,,,,,,,,,,,,,,,,,,,,,,,,,,,,,,,,,,,,,,,,,,,,,,,,,,,,,,,,,,,,,,,,,,,,,,,,,,,,,,,,,,,,,,,,,,,,,,,,,,,,,,,,,,,,,,,,,,,,,,,,,,,,,,,,,,,,,,,,,,,,,,,,,,,,,,,,,,,,,,,,,,,,,,,,,,,,,,,,,,,,,,,,,,,,,,,,,,,,,,,,,,,,,,,,,,,,,,,,,,,,,,,,,,,,,,,,,,,,,,,,,,,,
"amazon.in:customer reviews: noise colorfit pro 2 full touch control smart watch with 35g weight &amp; upgraded lcd display,ip68 waterproof,heart rate monitor,sleep &amp; step tracker,call &amp; message alerts &amp; long battery life (jet black)",noise,1/17/2020,Update regarding.,4,"The color display is very good, and the band is comfortable to wear but its lack of customization options and poor UI prevents it from entering the category of smartwatches. Overall a good option for users who care about basic data and want heart rate tracking.","the color display is very good , and the band is comfortable to wear but it lack of customization option and poor ui prevents it from entering the category of smartwatchs . overall a good option for user who care about basic data and want heartratetracking .",,,,,,,,,,,,,,,,,,,,,,,,,,,,,,,,,,,,,,,,,,,,,,,,,,,,,,,,,,,,,,,,,,,,,,,,,,,,,0,,,,,,,,,,,,,,,,,,,,,,,,,,,,,,,,,,,,,,,,,,,,,,,,,,,,,,,,,,,,,,,,,,,,,,,,,,,,,,,,,,,,,,,,,,,,,,,,,,,,,,,,,,,,,,,,,,,,,,,,,,,,,,,,,,,,,,,,,,,,,,,,,,,,,,,,,,,,,,,,,,,,,,,,,,,,,,,,,,,,,,,,,,,,,,,,,,,,,,,,,,,,,,,,,,,,,,,,,,,,,,,,,,,,,,,,,,,,,,,,,,,,,,,,,,,,,,,,,,,,,,,,,,,,,,,,,,,,,,,,,,,,,,,,,,,,,,,,,,,,,,,,,,,,,,,,,,,,,,,,,
"amazon.in:customer reviews: noise colorfit pro 2 full touch control smart watch with 35g weight &amp; upgraded lcd display,ip68 waterproof,heart rate monitor,sleep &amp; step tracker,call &amp; message alerts &amp; long battery life (jet black)",noise,1/18/2020,its good,4,"built quality is good also it looks similar to apple gear,  noise should add more watch face. touch works bit slow but its ok.","built quality is good also it look similar to apple gear , noise should ad more watch face . touch work bit slow but it ok .",,,,,,,,,,,,,,,,,,,,,,,,,,,,,,,,,,,,,,,,,,,,,,,,,,,,,,,,,,,,,,,,,,,,,,,,,,,,,,,,,,,,,,,,,,,,,,,,,,,,,,,,,,,,,,,,,,,,,,,,,,,,,,,,,,,,,,,,,,,,,,,,,,,,,,,,,,,,,,,,,,,,,,,,,,,,,,,,,,,,,,,,,,,,,,,,,,,,,,,,,,,,,,,,,,,,,,,,,,,,,,,,,,,,,,,,,,,,,,,,,,,,,,,,,,,,,,,,,,,,,,,,,,,,,,,,,,,,,,,,,,,,,,,,,,,,,,,,,,,,,,,,,,,,,,,,,,,,,,,,,,,,,,,,,,,,,,,,,,,,,,,,,,,,,,,,,,,,,,,,,,,,,,,,,,,,,,,,,,,,,,,,,,,,,,,,,,,,,,
"amazon.in:customer reviews: noise colorfit pro 2 full touch control smart watch with 35g weight &amp; upgraded lcd display,ip68 waterproof,heart rate monitor,sleep &amp; step tracker,call &amp; message alerts &amp; long battery life (jet black)",noise,1/18/2020,NOISE COLOUR FIT PRO 2,4,Awesome battery life.but i cant speek are take call no watch faces....This is not a awesome product but ok it's equal to Gionee watch both are same,awesome batterylife . but i cannot speek are take call no watch face . this is not a awesome product but ok it is equal to gionee watch both are same,,,,,,,,,,,,,,,,,,,,,,,,,,,,,,1,,,,,,,,,,,,,,,,,,,,,,,,,,,,,,,,,,,,,,,,,,,,,,,,,,,,,,,,,,,,,,,,,,,,,,,,,,,,,,,,,,,,,,,,,,,,,,,,,,,,,,,,,,,,,,,,,,,,,,,,,,,,,,,,,,,,,,,,,,,,,,,,,,,,,,,,,,,,,,,,,,,,,,,,,,,,,,,,,,,,,,,,,,,,,,,,,,,,,,,,,,,,,,,,,,,,,,,,,,,,,,,,,,,,,,,,,,,,,,,,,,,,,,,,,,,,,,,,,,,,,,,,,,,,,,,,,,,,,,,,,,,,,,,,,,,,,,,,,,,,,,,,,,,,,,,,,,,,,,,,,,,,,,,,,,,,,,,,,,,,,,,,,,,,,,,,,,,,,,,,,,,,,,,,
"amazon.in:customer reviews: fitbit fb507rgpk versa 2 health &amp; fitness smartwatch with heart rate, music, alexa built-in, sleep &amp; swim tracking, petal/copper rose, one size (s &amp; l bands included) (petal/copper rose)",fitbit,1/18/2020,Not a worth,3,"Steps are getting counted even while riding a bike,car etc, sensitivity adjustment should be provided or incorporated","step are getting counted even while riding a bike , car etc , sensitivity adjustment should be provided or incorporated",,,,,,,,,,,,,,,,,,,,,,,,,,,,,,,,,,,,,,,,,,,,,,,,,,,,,,,,,,,,,,,,,,,,,,,,,,,,,,,,,,,,,,,,,,,,,,,,,,,,,,,,,,,,,,,,,,,,,,,,,,,,,,,,,,,,,,,,,,,,,,,,,,,,,,,,,,,,,,,,,,,,,,,,,,,,,,,,,,,,,,,,,,,,,,,,,,,,,,,,,,,,,,,,,,,,,,,,,,,,,,,,,,,,,,,,,,,,,,,,,,,,,,,,,,,,,,,,,,,,,,,,,,,,,,,,,,,,,,,,,,,,,,,,,,,,,,,,,,,,,,,,,,,,,,,,,,,,,,,,,,,,,,,,,,,,,,,,,,,,,,,,,,,,,,,,,,,,,,,,,,,,,,,,,,,,,,,,,,,,,,,,,,,,,,,,,,,,,,
"amazon.in:customer reviews: noise colorfit pro 2 full touch control smart watch with 35g weight &amp; upgraded lcd display,ip68 waterproof,heart rate monitor,sleep &amp; step tracker,call &amp; message alerts &amp; long battery life (jet black)",noise,1/19/2020,Hats off to this brand,5,Awesome product. I got the watch by previous Sunday and I fully charged by that day. Now it’s goin to 1 week. Now my battery is 20%.  Better battery life good touch screen. I connected my watch to my phone full time.  Then I got 7 days battery backup.Great product. Must buyThank you amazon and thank you NoiseFit for this beautiful product,awesome product . i got the watch by previous sunday and i fully charged by that day . now it ’ s goin to 1 week . now my battery is 20 . better batterylife good touch screen . i connected my watch to my phone full time . then i got 7 day batterybackup . great product . must buythank you amazon and thank you noisefit for this beautiful product,,,,,,,,,,,,,,,,,,,,,,,,,,-1,1,,,,,,,,,,,,,,,,,,,,,,,,,,,,,,,,,,,,,,,,,,,,,,,,,,,,,,,,,,,,,,,,,,,,,,,,,,,,,,,,,,,,,,,,,,,,,,,,,,,,,,,,,,,,,,,,,,,,,,,,,,,,,,,,,,,,,,,,,,,,,,,,,,,,,,,,,,,,,,,,,,,,,,,,,,,,,,,,,,,,,,,,1,,,,,,,,,,,,,,,,,,,,,,,,,,,,,,,,,,,,,,,,,,,,,,,,,,,,,,,,,,,,,,,,,,,,,,,,,,,,,,,,,,,,,,,,,,,,,,,,,,,,,,,,,,,,,,,,,,,,,,,,,,,,,,,,,,,,,,,,,,,,,,,,,,,,,,,,,,,,,,,,,,,,,,,,,,,,,,,,,,,,,,,,,,,
"amazon.in:customer reviews: noise colorfit pro 2 full touch control smart watch with 35g weight &amp; upgraded lcd display,ip68 waterproof,heart rate monitor,sleep &amp; step tracker,call &amp; message alerts &amp; long battery life (jet black)",noise,1/20/2020,Wonderful in this price,4,"Overall a wonderful product in this price, would suggest to add a feature for music volume control “increase/decreae”. Rest all working smoothly.","overall a wonderful product in this price , would suggest to ad a feature for musicvolumecontrol “ increase/decreae ” . rest all working smoothly .",,,,,,,,,,,,,,,,,,,,,,,,,,,,,,,,,,,,,,,,,,,,,,,,,,,,,,,,,,,,,,,,,,,,,,,,,,,,,,,,,,,,,,,,,,,,,,,,,,,,,,,,,,,,,,,,,,,,,,,,,,,,,,,,,,,,,,,,,,,,,,,,,,,,,,,,,,,,,,,,,,,,,,,,,,,,,,,,,,,,,,,,,,,,,,,,,,,,,,,,,,,,,,,,,,,,,,,,,,,,,,,,,,,,,,,,,,,,,,,,,,,,,,,,,,,,,,,,,,,,,,,,,,,,,,,,,,,,,,,,,,,,,,,,,,,,,,,,,,,,,,,,,,,,,,,,,,,,,,,,,,,,,,,,,,,,,,,,,,,,,,,,,,,,,,,,,,,,,,,,,,,,,,,,,,,,,,,,,,,,,,,,,,,,,,,,,,,,,,
"amazon.in:customer reviews: fitbit fb507rgpk versa 2 health &amp; fitness smartwatch with heart rate, music, alexa built-in, sleep &amp; swim tracking, petal/copper rose, one size (s &amp; l bands included) (petal/copper rose)",fitbit,1/21/2020,Not Satisfactory,5,Synchronization problem,synchronization problem,,,,,,,,,,,,,,,,,,,,,,,,,,,,,,,,,,,,,,,,,,,,,,,,,,,,,,,,,,,,,,,,,,,,,,,,,,,,,,,,,,,,,,,,,,,,,,,,,,,,,,,,,,,,,,,,,,,,,,,,,,,,,,,,,,,,,,,,,,,,,,,,,,,,,,,,,,,,,,,,,,,,,,,,,,,,,,,,,,,,,,,,,,,,,,,,,,,,,,,,,,,,,,,,,,,,,,,,,,,,,,,,,,,,,,,,,,,,,,,,,,,,,,,,,,,,,,,,,,,,,,,,,,,,,,,,,,,,,,,,,,,,,,,,-1,,,,,,,,,,,,,,,,,,,,,,,,,,,,,,,,,,,,,,,,,,,,,,,,,,,,,,,,,,,,,,,,,,,,,,,,,,,,,,,,,,,,,,,,,,,,,,,,,,,,,,,,,,,,,,
"amazon.in:customer reviews: honor magic watch 2 (46mm, charcoal black) 14-days battery, spo2, bt calling &amp; music playback, 100 workout modes, amoled touch screen, personalized watch faces, sleep &amp; hr monitor, smart companion",honor,1/21/2020,Premium,5,Extremely Premium... Just make Wrist look so Classy... Totally worth for its Accuracy and Battery backup,extremely premium . just make wrist look so classy . totally worth for it accuracy and batterybackup,1,,,,,,,,,,,,,,,,,,,,,,,,,,,,,,,,,,,,,,,,,,,,,,,,,,,,,,,,,,,,,,,,,,,,,,,,,,,,,,,,,,,,,,,,,,,,,,,,,,,,,,,,,,,,,,,,,,,,,,,,,,,,,,,,,,,,,,,,,,,,,,,,,,,,,,,,,,,,,,,,,,,,,,,,,,,,,,,,,,,,,,,,,,,,,,,,,,,,,,,,,,,,,,,,,,,,,,,,,,,,,,,,,,,,,,,,,,,,,,,,,,,,,,,,,,,,,,,,,,,,,,,,,,,,,,,,,,,,,,,,,,,,,,,,,,,,,,,,,,,,,,,,,,,,,,,,,,,,,,,,,,,,,,,,,,,,,,,,,,,,,,,,,,,,,,,,,,,,,,,,,,,,,,,,,,,,,,,,,,,,,,,,,,,,,,,,,,,,,
"amazon.in:customer reviews: fitbit fb507rgpk versa 2 health &amp; fitness smartwatch with heart rate, music, alexa built-in, sleep &amp; swim tracking, petal/copper rose, one size (s &amp; l bands included) (petal/copper rose)",fitbit,1/21/2020,Fair,4,Fair enough compaired to other brand fitness tracker...,fair enough compaired to other brand fitnesstracker .,,,,,,,,,,,,,,,,,,,,,,,,,,,,,,,,,,,,,,,,,,,,,,,,,,,,,,,,,,,,,,,,,,,,,,,,,,,,,,,,,,,,,,,,,,,,,,,,,,,,,,,,,,,,,0,,,,,,,,,,,,,,,,,,,,,,,,,,,,,,,,,,,,,,,,,,,,,,,,,,,,,,,,,,,,,,,,,,,,,,,,,,,,,,,,,,,,,,,,,,,,,,,,,,,,,,,,,,,,,,,,,,,,,,,,,,,,,,,,,,,,,,,,,,,,,,,,,,,,,,,,,,,,,,,,,,,,,,,,,,,,,,,,,,,,,,,,,,,,,,,,,,,,,,,,,,,,,,,,,,,,,,,,,,,,,,,,,,,,,,,,,,,,,,,,,,,,,,,,,,,,,,,,,,,,,,,,,,,,,,,,,,,,,,,,,,,,,,,,,
"amazon.in:customer reviews: noise colorfit pro 2 full touch control smart watch with 35g weight &amp; upgraded lcd display,ip68 waterproof,heart rate monitor,sleep &amp; step tracker,call &amp; message alerts &amp; long battery life (jet black)",noise,1/21/2020,Worth the price,4,"It’s a good product for the price. I’m facing one issue though. Every time I get a call on my mobile even after answering the call,  watch keeps displaying a Chinese Call Code . Photo attached. This alert keeps displaying on watch and keeps vibrating till I touch cancel on watch.  Has anyone faced this issue as it’s quite irritating","it ’ s a good product for the price . i ’ m facing one issue though . every time i get a call on my mobile even after answering the call , watch keep displaying a chinese call code . photo attached . this alert keep displaying on watch and keep vibrating till i touch cancel on watch . ha anyone faced this issue a it ’ s quite irritating",,,,,,,,,,,,,,,,,,,,,,,,,,,,,,,,,,,,,,,,,,,,,,,,,,,,,,,,,,,,,,,,,,,,,,,,,,,,,,,,,,,,,,,,,,,,,,,,,,,,,,,,,,,,,,,,,,,,,,,,,,,,,,,,,,,,,,,,,,,,,,,,,,,,,,,,,,,,,,,,,,,,,,,,,,,,,,,,,,,,,,,,,,,,,,,,,,,,,,,,,,,,,,,,,,,,,,,,,,,,,,,,,,,,,,,,,,,,,,,,,,,,,,,,,,,,,,,,,,,,,,,,,,,,,,,,,,,,,,,,,,,,,,,,,,,,,,,,,,,,,,,,,,,,,,,,,,,,,,,,,,,,,,,,,,,,,,,,,,,,,,,,,,,,,,,,,,,,,,,,,,,,,,,,,,,,,,,,,,,,,,,,,,,,,,,,,,,,,,
"amazon.in:customer reviews: honor magic watch 2 (46mm, charcoal black) 14-days battery, spo2, bt calling &amp; music playback, 100 workout modes, amoled touch screen, personalized watch faces, sleep &amp; hr monitor, smart companion",honor,1/22/2020,"better to buy fitness band , this is ok as a watch cum fitness band but not good as advertised",3,"pross:battery is good around 9 days ,as per normal use.multiple fitness mode, stress test , continues heart rate monitor,and sleep monitor.cons:as BT5.1 doesn't have good range, it gets disconnected within 30 to 40 meter.music player quality is not good and you wont feel base in Bluetooth as compare to mobile.cant reply notifications.connectivity is BT only, no NFC,WIFI or LTE.","pro : battery is good around 9 day , a per normal use . multiple fitnessmode , stress test , continues heartratemonitor , and sleep monitor . con : a bt5 . 1 doesnot have good range , it get disconnected within 30 to 40 meter . musicplayer quality is not good and you will not feel base in bluetooth a compare to mobile . cannot reply notification . connectivity is bt only , no nfc , wifi or lte .",,,,,,,,,,,,,,,,,,,,,,,,,,1,,,,,,,,,,,,-1,,,,,,,,,,,,,,,,,,,,,,,,,,,,,,,,,,,,,,,,,,,,,,,,,,,,,,,,,,,,,,,,,,,,,,,,,,,,,,,,,,,,,,,,,,,,,,,,,,,,,,,,,,,,,,,,,,,,,,,,,,,,,,,,,,,,,,,,,-1,,,,,,,,,,,,,,,,,,,,,,,,,,,-1,,,,,,,,,,,,,,,,,,,,,,,,,,,,,,,,,,,,,,,,,,,,,,,,,,,,,,,,,,,,,,,,,,,,,,,,,,,,,,,,,,,,,,,,,,,,,,,,,,,,,,,,,,,,,,,,,,,,,,,,,,,,,,,,,,,,,,,,,,,,,,,,,,,,,,,,,,,,,,,,,,,,,,,,,,,,,,,,,,,,,,,,,,,,,,,,,,,,
"amazon.in:customer reviews: honor magic watch 2 (46mm, charcoal black) 14-days battery, spo2, bt calling &amp; music playback, 100 workout modes, amoled touch screen, personalized watch faces, sleep &amp; hr monitor, smart companion",honor,1/22/2020,Buy it,5,Good one go for it feels really good and last maine 11266 me liya,good one go for it feel really good and last maine 11266 me liya,,,,,,,,,,,,,,,,,,,,,,,,,,,,,,,,,,,,,,,,,,,,,,,,,,,,,,,,,,,,,,,,,,,,,,,,,,,,,,,,,,,,,,,,,,,,,,,,,,,,,,,,,,,,,,,,,,,,,,,,,,,,,,,,,,,,,,,,,,,,,,,,,,,,,,,,,,,,,,,,,,,,,,,,,,,,,,,,,,,,,,,,,,,,,,,,,,,,,,,,,,,,,,,,,,,,,,,,,,,,,,,,,,,,,,,,,,,,,,,,,,,,,,,,,,,,,,,,,,,,,,,,,,,,,,,,,,,,,,,,,,,,,,,,,,,,,,,,,,,,,,,,,,,,,,,,,,,,,,,,,,,,,,,,,,,,,,,,,,,,,,,,,,,,,,,,,,,,,,,,,,,,,,,,,,,,,,,,,,,,,,,,,,,,,,,,,,,,,,
"amazon.in:customer reviews: honor magic watch 2 (46mm, charcoal black) 14-days battery, spo2, bt calling &amp; music playback, 100 workout modes, amoled touch screen, personalized watch faces, sleep &amp; hr monitor, smart companion",honor,1/22/2020,Good one,3,"Watch is good with large dial.It is really helpful when you go for jogging or walk since it has inbuilt gps it accurately calculate the distance.  If  you are a one plus user ,u can't install additional watch faces only for installing watch faces I paired with my friend's redmi phone.There are limited watch faces and only few are good.After contacting customer care,they told to change the language to English (india),uninstalled and installed the huaewei health and mobile app again.Then watch faces started working in my one plus device.For installing custom watch faces use Tai chi app..then you can upload watch faces with .hwt extensionsIf they provide an option for installing custom watch faces it would be great","watch is good with large dial . it is really helpful when you go for jogging or walk since it ha inbuilt gps it accurately calculate the distance . if you are a one plus user , you canot instagramll aditional watch face only for instagramlling watch face i paired with my friend is redmi phone . there are limited watch face and only few are good . after contacting customercare , they told to chang the language to english india , uninstagramlled and instagramlled the huaewei health and mobile app again . then watch face started working in my one plus device . for instagramlling custom watch face use tai chi app . then you can upload watch face with . hwt extensionsif they provide an option for instagramlling custom watch face it would be great",,,,,,,,,,,,,,,,,,,,,,,,,,,,,,,,,,,,,,,,,,,,,,,,,,,,,,,,,,,,,,,,,,,,,,,,,,,,,,,,,1,,,,,,,,,,,,,,,,,,,,,,,,,,,,,,,,,,,1,,,,,,,,,,,,,,,,,,,,,,,,,,,,,,,,,,,,,,,,,,,,,,,,,,,,,,,,,,,,,,,,,,,,,,,,,,,,,,,,,,,,,,,,,,,,,,,,,,,,,,,,,,,,,,,,,,,,,,,,,,,,,,,,,,,,,,,,,,,,,,,,,,,,,,,,,,,,,,,,,,,,,,,,,,,,,,,,,,,,,,,,,,,,,,,,,,,,,,,,,,,,,,,,,,,,,,,,,,,,,,,,,,,,,,,,,,,,,,,,,,,,,,,,,,,,,,,,,,,,,,,,,,,,,,,,,,,,,,,,,,
"amazon.in:customer reviews: noise colorfit pro 2 full touch control smart watch with 35g weight &amp; upgraded lcd display,ip68 waterproof,heart rate monitor,sleep &amp; step tracker,call &amp; message alerts &amp; long battery life (jet black)",noise,1/22/2020,Worth spending than amazefit.,5,"I am very much satisfied with the watch and I have compared the strap of amaze fit and noise ,the noise one is like a matt finish which is very soft ,But the amazefit is like rubber of bad quality and get degraded with body oil,cream etc which kill it to next levelOveral all I am fully satisfiedThe only thing if they can add I want 'change able watch face'","i am very much satisfied with the watch and i have compared the strap of amaze fit and noise , the noise one is like a matt finish which is very soft , but the amazefit is like rubber of bad quality and get degraded with body oil , cream etc which kill it to next leveloveral all i am fully satisfiedthe only thing if they can ad i want 'chang able watch face '",,,,,,,,,,,,,,,,,,,,,,,,,,,,,,,,,,,,,,,,,,,,,,,,,,,,,,,,,,,,,,,,,,,,,,,,,,,,,,,,,,,,,,,,,,,,,,,,,,,,,,,,,,,,,,,,,,,,,,,,,,,,,,,,,,,,,,,,,,,,,,,,,,,,,,,,,,,,,,,,,,,,,,,,,,,,,,,,,,,,,,,,,,,,,,,,,,,,,,,,,,,,,,,,,,,,,,,,,,,,,,,,,,,,,,,,,,,,,,,,,,,,,,,,,,,,,,,,,,,,,,,,,,,,,,,,,,,,,,,,,,,,,,,,,,,,,,,,,,,,,,,,,,,,,,,,,,,,,,,,,,,,,,,,,,,,,,,,,,,,,,,,,,,,,,,,,,,,,,,,,,,,,,,,,,,,,,,,,,,,,,,,,,,,,,,,,,,,,,
"amazon.in:customer reviews: honor magic watch 2 (46mm, charcoal black) 14-days battery, spo2, bt calling &amp; music playback, 100 workout modes, amoled touch screen, personalized watch faces, sleep &amp; hr monitor, smart companion",honor,1/22/2020,A BEAST in hand,4,"The first smartwatch that I brought and which turned out to be pretty amazing.The display ,fit and vibe -Eveything is top notch .The best feature is to answer the call via the inbuilt mic and speaker -You won't even have to pick up the phone and I can tell how useful it is when you are quite busy.Heart rate sensor as well as other sensors arequite accurate so no problem in that.Huwaie health app is user friendly and syncs well with the watch -In addition to that there is also stress level and sleep patterns recording and that works pretty well too.Value -Bang for the buck as I got it for 12999 with free AM61 earphones and it turned out to be a pretty good dealBattery wise it is phenomenal -Got 70 percent when unboxed and its been one day and it only drooped to 62 even with medium usage.Cons - 1) Should have provided a screen or tempered guard -I really don't know how much stratch resistance it is2) In the health app there is no option to change watch faces although you can change it in the watch itself but what about the additional watchfaces Hope it is resolved soon","the first smartwatch that i brought and which turned out to be pretty amazing . the display , fit and vibe -eveything is top notch . the best feature is to answer the call via the inbuilt mic and speaker -you wonot even have to pick up the phone and i can tell how useful it is when you are quite busy . heartratesensor a well a other sensor arequite accurate so no problem in that . huwaie health app is user friendly and syncs well with the watch -in adition to that there is also stresslevel and sleeppatterns recording and that work pretty well too . value -bang for the bug a i got it for 12999 with free am61 earphone and it turned out to be a pretty good dealbattery wise it is phenomenal -got 70 percent when unboxed and it been one day and it only drooped to 62 even with medium usage . con - 1 should have provided a screen or tempered guard -i really donot know how much scratch resistance it is2 in the health app there is no option to chang watch face although you can chang it in the watch itself but what about the aditional watchfaces hope it is resolved soon",,,,,,,,,,,,,,,,,,,,,,,,,,,,,,,,,,,,,,,,,,,,,,,,,,,,,,,,,,,,,,,,,,,,,,,,,,,,,,,,,,,,,,,,,,,,,,,,,,,,,,,,,,,,,,,,,,,,,,,,,,,,,,,,,,,,,,,,,,,,,,,,,1,,,,,,,,,,,,,,,,,,,,,,,,,,,,,,,,,,,,,,,,,,,,,,,,,,,,,,,,,,,,,,,,,,,,,,,,,,,,,,,,,,,,,,,,,,,,,,,,,,,,,,,,,,,,,,,,,,,,,,,,,,,,,,,,,,,,,,,,,,,,,,,,,,,,,,,,,,,,,,,,,,,,,,,,,,,,,,,,,,,,,,,,,,,,,,,,,,,,,,,,,,,,,,,,,,,,,,,,,,,,,,,,,,,,,,,,,,,,,,,,,,,,,,,,,,,,,
"amazon.in:customer reviews: honor magic watch 2 (46mm, charcoal black) 14-days battery, spo2, bt calling &amp; music playback, 100 workout modes, amoled touch screen, personalized watch faces, sleep &amp; hr monitor, smart companion",honor,1/22/2020,Fantastic watch,5,"One of the best smart watches in this range, go for it.","one of the best smartwatchs in this range , go for it .",,,,,,,,,,,,,,,,,,,,,,,,,,,,,,,,,,,,,,,,,,,,,,,,,,,,,,,,,,,,,,,,,,,,,,,,,,,,,,,,,,,,,,,,,,,,,,,,,,,,,,,,,,,,,,,,,,,,,,,,,,,,,,,,,,,,,,,,,,,,,,,,,,,,,,,,,,,,,,,,,,,,,,,,,,,,,,,,,,,,,,,,,,,,,,,,,,,,,,,,,,1,,,,,,,,,,,,,,,,,,,,,,,,,,,,,,,,,,,,,,,,,,,,,,,,,,,,,,,,,,,,,,,,,,,,,,,,,,,,,,,,,,,,,,,,,,,,,,,,,,,,,,,,,,,,,,,,,,,,,,,,,,,,,,,,,,,,,,,,,,,,,,,,,,,,,,,,,,,,,,,,,,,,,,,,,,,,,,,,,,,,,,,,,,,,,,,,,,,,
"amazon.in:customer reviews: honor magic watch 2 (46mm, charcoal black) 14-days battery, spo2, bt calling &amp; music playback, 100 workout modes, amoled touch screen, personalized watch faces, sleep &amp; hr monitor, smart companion",honor,1/22/2020,Watch face problem,2,"The media could not be loaded.
                



 Im purchase honor magic watch 2 overall watch was awesome but the in huwai health app not show watch face changing options. Now im acess only watch inbuilt faces. Im complaint to huwai customer care but they not solve my issue",i am purchase honor magic watch 2 overall watch wa awesome but the in huwai health app not show watch face changing option . now i am ace only watch inbuilt face . i am complaint to huwai customercare but they not solve my issue,,,,,,,,,,,,,,,,,,,,,,,,,,,,,,,,,,,,,,,,,,,,,,,,,,,,,,,,,,,,,,,,,,,,,,-1,,,,,,,,,,,,,,,,,,,,,,,,,,,,,,,,,,,,,,,,,,,,,,,,,,,,,,,,,,,,,,,,,,,,,,,,,,,,,,,,,,,,,,,,,,,,,,,,,,,,,,,,,,,,,,,,,,,,,,,,,,,,,,,,,,,,,,,,,,,,,,,,,,,,,,,,,,,,,,,,,,,,,,,,,,,,,,,,,,,,,,,,,,,,,,,,,,,,,,,,,,,,,,,,,,,,,,,,,,,,,,,,,,,,,,,,,,,,,,,,,,,,,-1,,,,,,,,,,,,,,,,,,,,,,,,,,,,,,,,,,,,,,,,,,,,,,,,,,,,,,,,,,,,,,,,,,,,,,,,,,,,,,,,,,,
"amazon.in:customer reviews: honor magic watch 2 (46mm, charcoal black) 14-days battery, spo2, bt calling &amp; music playback, 100 workout modes, amoled touch screen, personalized watch faces, sleep &amp; hr monitor, smart companion",honor,1/22/2020,Good product,5,Bluetooth call availability,bluetooth call availability,,,,,,,,,,,,,,,,,,,,,,,,,,,,,,,,,,,,,,-1,,,,,,,,,,,,,,,,,,,,,,,,,,,,,,,,,,,,,,,,,,,,,,,,,,,,,,,,,,,,,,,,,,,,,,,,,,,,,,,,,,,,,,,,,,,,,,,,,,,,,,,,,,,,,,,,,,,,,,,,,,,,,,,,,,,,,,,,,,,,,,,,,,,,,,,,,,,,,,,,,,,,,,,,,,,,,,,,,,,,,,,,,,,,,,,,,,,,,,,,,,,,,,,,,,,,,,,,,,,,,,,,,,,,,,,,,,,,,,,,,,,,,,,,,,,,,,,,,,,,,,,,,,,,,,,,,,,,,,,,,,,,,,,,,,,,,,,,,,,,,,,,,,,,,,,,,,,,,,,,,,,,,,,,,,,,,,,,,,,,,,,,,,,,,,,,,,,,,,,,
"amazon.in:customer reviews: honor magic watch 2 (46mm, charcoal black) 14-days battery, spo2, bt calling &amp; music playback, 100 workout modes, amoled touch screen, personalized watch faces, sleep &amp; hr monitor, smart companion",honor,1/22/2020,Good,5,Watch looks wise and performace wise very good.Only problem is no to download additional watch faces from non honor mobile's,watch look wise and performace wise very good . only problem is no to download aditional watch face from non honor mobile is,,,,,,,,,,,,,,,,,,,,,,,,,,,,,,,,,,,,,,,,,,,,,,,,,,,,,,,,,,,,,,,,,,,,,,,,,,,,,,,,,,,,,,,,,,,,,,,,,,,,,,,,,,,,,,,,,,,,,,,,,,,,,,,,,,,,,,,,,,,,,,,,,,,,,,,,,,,,,,,,,,,,,,,,,,,,,,,,,,,,,,,,,,,,,,,,,,,,,,,,,,,,,,,,,,,,,,,,,,,,,,,,,,,,,,,,,,,,,,,,,,,,,,,,,,,,,,,,,,,,,,,,,,,,,,,,,,,,,,,,,,,,,,,,,,,,,,,,,,,,,,,,,,,,,,,,,,,,,,,,,,,,,,,,,,,,,,,,,,,,,,,,,,,,,,,,,,,,,,,,,,,,,,,,,,,,,,,,,,,,,,,,,,,,,,,,,,,,,,
"amazon.in:customer reviews: honor magic watch 2 (46mm, charcoal black) 14-days battery, spo2, bt calling &amp; music playback, 100 workout modes, amoled touch screen, personalized watch faces, sleep &amp; hr monitor, smart companion",honor,1/22/2020,True flagship smart fitness watch.,5,"Worth buying.it looks great n stylish on hand. Awsome display,battery life.Head phones with this is also fantastic.Thank you amazon.","worth buying . it look great n stylish on hand . awsome display , batterylife . head phone with this is also fantastic . thank you amazon .",,,,,,,,,,,,,,,,,,,,,,,,,,,,,,,,,,,,,,,,,,,,,,,,,,,,,,,,,,,,,,,,,,,,,,,,,,,,,,,,,,,,,,1,,,,,,,,,,,,,,,,,,,,,,,,,,,,,,,,,,,,,,,,,,,,,,,,,,,,,,,,,,,,,,,,,,,,,,,,,,,,,,,,,,,,,,,,,,,,,,,,,,,,,,,,,,,,,,,,,,,,,,,,,,,,,,,,,,,,,,,,,,,,,,,,,,,,,,,,,,,,,,,,,,,,,,,,,,,,,,,,,,,,,,,,,,,,,,,,,,,,,,,,,,,,,,,,,,,,,,,,,,,,,,,,,,,,,,,,,,,,,,,,,,,,,,,,,,,,,,,,,,,,,,,,,,,,,,,,,,,,,,,,,,,,,,,,,,,,,,,,,,,,,,,,,,,,,,,,
"amazon.in:customer reviews: honor magic watch 2 (46mm, charcoal black) 14-days battery, spo2, bt calling &amp; music playback, 100 workout modes, amoled touch screen, personalized watch faces, sleep &amp; hr monitor, smart companion",honor,1/22/2020,Good watch at this price.  Battery life isnt as promised,4,Nice watch with all the basic features one needs. Battery life of 14 days comes with many disclaimers.  With some time of music battery is at 77% after 30 hours of usage.  Still a better watch at this price.  Earphones have some lag issues when connected to phone and watch.  Call taking directly in the watch is a good option at this price,nice watch with all the basic feature one need . batterylife of 14 day come with many disclaimer . with some time of music battery is at 77 after 30 hour of usage . still a better watch at this price . earphone have some lag issues when connected to phone and watch . call taking directly in the watch is a good option at this price,,,,,,,,,,,,,,,,,,,,,,,,,,-1,,,,-1,,,,,,,,,,,,,,,,,,,,,,,,,,,,,,,,,,,,,,,,,,,,,,,,,,,,,,,,,,,,,,,,,,,,,,,,,,,,,,,,,,,,,,,,,,,,,,,,,,,,,,,,,,,,,,,,,,,,,,,,,,,,,,,,,,,,,,,,,,,,,,,,,,,,,,,,,,,,,,,,,,,,,,,,,,,,,,,,,,,,,,,,,,,,,,,,,,,,,,,,,,,,,,,,,,,,,,,,,,,,,,,,,,,,,,,,,,,,,,,,,,,,,,,,,,,,,,,,,,,,,,,,,,,,,,,,,,,,,,,,,,,,,,,,,,,,,,,,,,,,,,,,,,,,,,,,,,,,,,,,,,,,,,,,,,,,,,,,,,,,,,,,,,,,,,,,,,,,,,,,,,,,,,,,
"amazon.in:customer reviews: honor magic watch 2 (46mm, charcoal black) 14-days battery, spo2, bt calling &amp; music playback, 100 workout modes, amoled touch screen, personalized watch faces, sleep &amp; hr monitor, smart companion",honor,1/22/2020,Excellent Value!! (Edit),5,"Value for money!! Not really the  smartest watch, but if you dont mind lack of apps or texting from your watch, this is the best option.Got the watch+headphone combo. Its basically a badge engineered huawei gt2. So, you get the same watch at a much lower price!The strap that came with the watch is extremely comfortable. Overall fit and finish is excellent. Had been using magic watch 1 since last year.I find this watch to be better in many aspects especially the call function. May not be well suited for smaller wrists. But its a personal choice.I got this watch delivered 3 days back and I did a full charge. Battery is at 80%now! Thats amazing with all functions usage and wearing for 3days without taking it off the wrist IMO.Huawei health app seamlessly syncs.................Edit after 3 months use..................The watch never failed to perform well in the last 3 months. I had been wearing 90percent of the time and use it as a fitness tracker. The call function is definitely a bonus.The recordings are very accurate and I confirmed it using Omron heart rate monitor.The watch is really great if you are looking for that extra bit of motivation especially while running. It gives you info as to improve your fitness to a level above the previous recorded data.","value for money not really the smartest watch , but if you do not mind lack of apps or texting from your watch , this is the best option . got the watch+headphone combo . it basically a badge engineered huawei gt2 . so , you get the same watch at a much lower price the strap that came with the watch is extremely comfortable . overall fit and finish is excellent . had been using magic watch 1 since last year . i find this watch to be better in many aspect especially the call function . may not be well suited for smaller wrist . but it a personal choice . i got this watch delivered 3 day back and i did a full charge . battery is at 80 now that is amazing with all function usage and wearing for 3 day without taking it off the wrist i am going to . huawei health app seamlessly syncs . edit after 3 month use . the watch never failed to perform well in the last 3 month . i had been wearing 90 percent of the time and use it a a fitnesstracker . the call function is definitely a bonus . the recording are very accurate and i confirmed it using omron heartratemonitor . the watch is really great if you are looking for that extra bit of motivation especially while running . it give you info a to improve your fitness to a level above the previous recorded data .",,,,,,,,,,,,,,,,,,,,,,,,,,1,,,,,,,,,,,,,,,,,,,,,,,,,,,,1,,,,,,,,,,,,,,,,,,,,,,,,,,,,,,,,,,,,,,,,,,,,,,,,,,,,,,,0,,,,,,,,,,,,,,,,,,,,,,,,,,,,,,,,,,,,,,,,,,,,,,,,,,,,,,,,,,,,,,,,,,,,,,,,,,,,,,,,,,,,,,,,,,,,,,,,,,,,,,,,,,,,,,,,,,,,,,,,,,,,,,,,,,,,,,,,,,,,,,,,,,,,,,,,,,,,,,,,,,,,,,,,,,,,,,,,,,,,,,,,,,,,,,,,,,,,,,,,,,,,,,,,,,,,,,,,,,,,,,,,,,,,,,,,,,,,,,,,,,,,,,,,,,,,,,,,,,,,,,,,,,,,,,,,,,,,,,,,,,,,,,,,,
"amazon.in:customer reviews: honor magic watch 2 (46mm, charcoal black) 14-days battery, spo2, bt calling &amp; music playback, 100 workout modes, amoled touch screen, personalized watch faces, sleep &amp; hr monitor, smart companion",honor,1/22/2020,Beautiful and classic design,5,Best in best classMust have watch in your watch library.,best in best classmust have watch in your watch library .,,,,,,,,,,,,,,,,,,,,,,,,,,,,,,,,,,,,,,,,,,,,,,,,,,,,,,,,,,,,,,,,,,,,,,,,,,,,,,,,,,,,,,,,,,,,,,,,,,,,,,,,,,,,,,,,,,,,,,,,,,,,,,,,,,,,,,,,,,,,,,,,,,,,,,,,,,,,,,,,,,,,,,,,,,,,,,,,,,,,,,,,,,,,,,,,,,,,,,,,,,,,,,,,,,,,,,,,,,,,,,,,,,,,,,,,,,,,,,,,,,,,,,,,,,,,,,,,,,,,,,,,,,,,,,,,,,,,,,,,,,,,,,,,,,,,,,,,,,,,,,,,,,,,,,,,,,,,,,,,,,,,,,,,,,,,,,,,,,,,,,,,,,,,,,,,,,,,,,,,,,,,,,,,,,,,,,,,,,,,,,,,,,,,,,,,,,,,,,
"amazon.in:customer reviews: fitbit fb507rgpk versa 2 health &amp; fitness smartwatch with heart rate, music, alexa built-in, sleep &amp; swim tracking, petal/copper rose, one size (s &amp; l bands included) (petal/copper rose)",fitbit,1/22/2020,Good job fitbit,5,Amoled display is great!The new processor makes the user interface less glitchy compared to the original OS Fitbit needs to step up their OS they fall behind to watch OS  by apple and wear OS by google,amoled display is great the new processor make the userinterface le glitchy compared to the original o fitbit need to step up their o they fall behind to watch o by apple and wear o by goodle,,,,,,,,,,,,,,,,,,,,,,,,,,,,,,,,,,,,,,,,,,,,,,,,,,,,,,,,,,,,,,,,,,,,,,,,,,,,,,,,,,,,,,,,,,,,,,,,,,,,,,,,,,,,,,,,,,,,,,,,,,,,,,,,,,,,,,,,,,,,,,,,,,,,,,,,,,,,,,,,,,,,,,,,,,,,,,,,,,,,,,,,,,,,,,,,,,,,,,,,,,,,,,,,,,,,,,,,,,,,,,,,,,,,,,,,,,,,,,,,,,,,,,,,,,,,,,,,,,,,,,,,,,,,,,,,,,,,,,,,,,,,,,,,,,,,,,,,,,,,,,,,,,,,,,,,,,,,,,,,,,,,,,,,,,,,,,,,,,,,,,,,,,,,,,,,,,,,,,,,,,,,,,,,,,,,,,,,,,,,,,,,,,,,,,,,,,,,,,
"amazon.in:customer reviews: honor magic watch 2 (46mm, charcoal black) 14-days battery, spo2, bt calling &amp; music playback, 100 workout modes, amoled touch screen, personalized watch faces, sleep &amp; hr monitor, smart companion",honor,1/22/2020,Super smart watch. Just go for it.,5,"Super smart watch at the price. No lag whatsoever. Was lucky to buy it during the sale I checked later and found it to be out of stock. Lot of watch faces but not able to add more. Lot of work out modes. Just go for it.Edit: if you are an Oneplus user you cannot download new watch faces. Please use Honor/Huawei or Xiaomi mobile, download Huawei Health app and Huawei Mobile Services app, login, pair and download new watch faces and then unpair and pair again on your OnePlus. No data is lost during this process.","super smartwatch at the price . no lag whatsoever . wa lucky to buy it during the sale i checked later and found it to be out of stock . lot of watch face but not able to ad more . lot of work out mode . just go for it . edit : if you are an oneplus user you can not download new watch face . please use honor/huawei or xiaomi mobile , download huawei health app and huawei mobile service app , login , pair and download new watch face and then unpair and pair again on your oneplus . no data is lost during this process .",,,,,,,,,,,,,,,,,,,,,,,,,,,,,,,,,,,,,,,,,,,,,,,,,,,,,,,,,,,,,,,,,,,,,,,,,,,,,1,,,,,,,,,,,,,,,,,,,,,,,,,,,,,,,,,,,,,,,,,,,,,,,,,,,,,,,,,,,,,,,,,,,,,,,,,,,,,,,,,,,,,,,,,,,,,,,,,,,,,,,,,,,,,,,,,,,,,,,,,,,,,,,,,,,,,,,,,,,,,,,,,,,,,,,,,,,,,,,,,,,,,,,,,,,,,,,,,,,,,,,,,,,,,,,,,,,,,,,,,,,,,,,,,,,,,,,,,,,,,,,,,,,,,,,,,,,,,,,,,,,,,,,,,,,,,,,,,,,,,,,,,,,,,,,,,,,,,,,,,,,,,,,,,,,,,,,,,,,,,,,,,,,,,,,,,,,,,,,,,
"amazon.in:customer reviews: honor magic watch 2 (46mm, charcoal black) 14-days battery, spo2, bt calling &amp; music playback, 100 workout modes, amoled touch screen, personalized watch faces, sleep &amp; hr monitor, smart companion",honor,1/23/2020,Powerful and efficient,5,"Good product , accurate heart rate monitoring and very good battery back up.","good product , accurate heartratemonitoring and very good battery back up .",,,,,,,,,,,,,,,,,,,,,,,,,,1,,,,,,,,,,,,,,,,,,,,,,,,,,,,,,,,,,,,,,,,,,,,,,,,,,,,,,,,,,,,,,,,,,,,,,,,,,,,,,,,,,,,,,,,,,,,,,,,,,,,,,,,,,,,,,,,,,,,,,,,,,,,,,,,,,,,,,,,,,,,,,,,,,,,,,,,,,,,,,,,,,,,,,,,,,,,,,,,,,,,,,,,,,,,,,,,,,,,,,,,,,,,,,,,,,,,,,,,,,,,,,,,,,,,,,,,,,,,,,,,,,,,,,,,,,,,,,,,,,,,,,,,,,,,,,,,,,,,,,,,,,,,,,,,,,,,,,,,,,,,,,,,,,,,,,,,,,,,,,,,,,,,,,,,,,,,,,,,,,,,,,,,,,,,,,,,,,,,,,,,,,,,,,,,,,,,
"amazon.in:customer reviews: honor magic watch 2 (46mm, charcoal black) 14-days battery, spo2, bt calling &amp; music playback, 100 workout modes, amoled touch screen, personalized watch faces, sleep &amp; hr monitor, smart companion",honor,1/23/2020,Best premium watch at these price,5,It's look good and Amazon delivery was excellent although it's health appa working fine with good accuracy and call quality awesome highly recommend on these budget,it is look good and amazon delivery wa excellent although it is health appa working fine with good accuracy and call quality awesome highly recommend on these budget,,,,,,,,,,,,,,,,,,,,,,,,,,,,,,,,,,,,,,,,,,,,,,,,,,,,,,,,,,,,,,,,,,,,,,,,,,,,,,,,,,,,,,,,,,,,,,,,,,,,,,,,,,,,,,,,,,,,,,,,,,,,,,,,,,,,,,,,,,,,,,,,,,,,,,,,,,,,,,,,,,,,,,,,,,,,,,,,,,,,,,,,,,,,,,,,,,,,,,,,,,,,,,,,,,,,,,,,,,,,,,,,,,,,,,,,,,,,,,,,,,,,,,,,,,,,,,,,,,,,,,,,,,,,,,,,,,,,,,,,,,,,,,,,,,,,,,,,,,,,,,,,,,,,,,,,,,,,,,,,,,,,,,,,,,,,,,,,,,,,,,,,,,,,,,,,,,,,,,,,,,,,,,,,,,,,,,,,,,,,,,,,,,,,,,,,,,,,,,
"amazon.in:customer reviews: honor magic watch 2 (46mm, charcoal black) 14-days battery, spo2, bt calling &amp; music playback, 100 workout modes, amoled touch screen, personalized watch faces, sleep &amp; hr monitor, smart companion",honor,1/23/2020,Not Able to download new watch faces,1,"The watch is extremely elegant and stylish and has all fitness related activities.The only problem is that when you wish to download new watch faces Huawei health app forces you to download Huawei mobile service app which is complete trash (doesn't open at all) hence you can't download any watch faces at all ,I use OnePlus 6 and I thought might be there is some issue with my mobile so I tried to download the app  in another mobile and I found the same problem.May be those who have honor or Huawei phone will be able to download the app and use new watch faces and those who use other mobile brand will not be able to do so.I am returning this watch because of this issue.","the watch is extremely elegant and stylish and ha all fitness related activity . the only problem is that when you wish to download new watch face huawei health app force you to download huawei mobile service app which is complete trash doesnot open at all hence you canot download any watch face at all , i use oneplus 6 and i thought might be there is some issue with my mobile so i tried to download the app in another mobile and i found the same problem . may be those who have honor or huawei phone will be able to download the app and use new watch face and those who use other mobile brand will not be able to do so . i am returning this watch because of this issue .",,,,,,,,,,,,,,,,,,,,,,,,,,,,,,,,,,,,,,,,,,,,,,,,,,,,,,,,,,,,,,,,,,,,,,,,,,,,,,,,,,,,,,,,,,,,,,,,,,,,,,,,,,,,,,,,,,,,,,,,,,,,,,,,,,,,,,,,,,,,,,,,,,,,,,,,,,,,,,,,,,,,,,,,,,,,,,,,,,,,,,,,,,,,,,,,,,,,,,,,,,,,,,,,,,,,,,,,,,,,,,,,,,,,,,,,,,,,,,,,,,,,,,,,,,,,,,,,,,,,,,,,,,,,,,,,,,,,,,,,,,,,,,,,,,,,,,,,,,,,,,,,,,,,,,,,,,,,,,,,,,,,,,,,,,,,,,,,,,,,,,,,,,,,,,,,,,,,,,,,,,,,,,,,,,,,,,,,,,,,,,,,,,,,,,,,,,,,,,
"amazon.in:customer reviews: fitbit fb507rgpk versa 2 health &amp; fitness smartwatch with heart rate, music, alexa built-in, sleep &amp; swim tracking, petal/copper rose, one size (s &amp; l bands included) (petal/copper rose)",fitbit,1/23/2020,nice❤❤,5,Fitbit versa,fitbit versa,,,,,,,,,,,,,,,,,,,,,,,,,,,,,,,,,,,,,,,,,,,,,,,,,,,,,,,,,,,,,,,,,,,,,,,,,,,,,,,,,,,,,,,,,,,,,,,,,,,,,,,,,,,,,,,,,,,,,,,,,,,,,,,,,,,,,,,,,,,,,,,,,,,,,,,,,,,,,,,,,,,,,,,,,,,,,,,,,,,,,,,,,,,,,,,,,,,,,,,,,,,,,,,,,,,,,,,,,,,,,,,,,,,,,,,,,,,,,,,,,,,,,,,,,,,,,,,,,,,,,,,,,,,,,,,,,,,,,,,,,,,,,,,,,,,,,,,,,,,,,,,,,,,,,,,,,,,,,,,,,,,,,,,,,,,,,,,,,,,,,,,,,,,,,,,,,,,,,,,,,,,,,,,,,,,,,,,,,,,,,,,,,,,,,,,,,,,,,,
"amazon.in:customer reviews: honor magic watch 2 (46mm, charcoal black) 14-days battery, spo2, bt calling &amp; music playback, 100 workout modes, amoled touch screen, personalized watch faces, sleep &amp; hr monitor, smart companion",honor,1/23/2020,Good one,4,Watch is good and all the features working well. but with watch got not working honor Bluetooth headphones Replacement in process.,watch is good and all the feature working well . but with watch got not working honor bluetooth headphone replacement in process .,,,,,,,,,,,,,,,,,,,,,,,,,,,,,,,,,,,,,,-1,,,,,,,,,,,,,,,,,,,,,,,,,,,,,,,,,,,,,,,,,,,,,,,,,,,,,,,,,,,,,,,,,,,,,,,,,,,,,,,,,,,,,,,,,,,,,,,,,,,,,,,,,,,,,,,,,,,,,,,,,,,,,,,,,,,,,,,,,,,,,,,,,,,,,,,,,,,,,,,,,,,,,,,,,,,,,,,,,,,,,,,,,,,,,,,,,,,,,,,,,,,,,,,,,,,,,,,,,,,,,,,,,,,,,,,,,,,,,,,,,,,,,,,,,,,,,,,,,,,,,,,,,,,,,,,,,,,,,,,,,,,,,,,,,,,,,,,,,,,,,,,,,,,,,,,,,,,,,,,,,,,,,,,,,,,,,,,,,,,,,,,,,,,,,,,,,,,,,,,,
"amazon.in:customer reviews: fitbit fb507rgpk versa 2 health &amp; fitness smartwatch with heart rate, music, alexa built-in, sleep &amp; swim tracking, petal/copper rose, one size (s &amp; l bands included) (petal/copper rose)",fitbit,1/23/2020,Please get it replaced immediately,4,Wrist band is defective in quality,wrist band is defective in quality,,,,,,,,,,,,,,,,,,,,,,,-1,,,,,,,,,,,,,,,,,,,,,,,,,,,,,,,,,,,,,,,,,,,,,,,,,,,,,,,,,,,,,,,,,,,,,,,,,,,,,,,,,,,,,,,,,,,,,,,,,,,,,,,,,,,,,,,,,,,,,,,,,,,,,,,,,,,,,,,,,,,,,,,,,,,,,,,,,,,,,,,,,,,,,,,,,,,,,,,,,,,,,,,,,,,,,,,,,,,,,,,,,,,,,,,,,,,,,,,,,,,,,,,,,,,,,,,,,,,,,,,,,,,,,,,,,,,,,,,,,,,,,,,,,,,,,,,,,,,,,,,,,,,,,,,,,,,,,,,,,,,,,,,,,,,,,,,,,,,,,,,,,,,,,,,,,,,,,,,,,,,,,,,,,,,,,,,,,,,,,,,,,,,,,,,,,,,,,,,
"amazon.in:customer reviews: honor magic watch 2 (46mm, charcoal black) 14-days battery, spo2, bt calling &amp; music playback, 100 workout modes, amoled touch screen, personalized watch faces, sleep &amp; hr monitor, smart companion",honor,1/23/2020,Nothing could be better than this.,5,"excellent watch. No comparison.Battery battery no match even with watches costing 20K+No match of Honor service, I faced issue regarding watch faces,they resolved it within few hours.write to honor service center email id,","excellent watch . no comparison . battery battery no match even with watch costing 20 k+no match of honor service , i faced issue reguarding watch face , they resolved it within few hour . write to honor servicecenter email id ,",,,,,,,,,,,,,,,,,,,,,,,,,,,,,,,,,,,,,,,,,,,,,,,,,,,,,,,,,,,,,,,,,,,,,,,,,,,,,,,,,,,,,,,,,,,,,,,,,,,,,,,,,,,,,,,,,,,,,,,,,,,,,,,,,,,,,,,,,,,,,,,,,,,,,,,,,,,,,,,,,,,,,,,,,,,,,,,,,,,,,,,,,,,,,,,,,,,,,,,,,,,,,,,,,,,,,,,,,,,,,,0,,,,,,,,,,,,,,,,,,,,,,,,,,,,,,,,,,,,,,,,,,,,,,,,,,,,,,,,,,,,,,,,,,,,,,,,,,,,,,,,,,,,,,,,,,,,,,,,,,,,,,,,,,,,,,,,,,,,,,,,,,,,,,,,,,,,,,,,,,,,,,,,,,,,,,,,,,,,,,,,,,,,,,,,,,,,,,,,
"amazon.in:customer reviews: honor magic watch 2 (46mm, charcoal black) 14-days battery, spo2, bt calling &amp; music playback, 100 workout modes, amoled touch screen, personalized watch faces, sleep &amp; hr monitor, smart companion",honor,1/23/2020,Something amazing from honor,5,"Thanks, honor for this amazing watchI am using this watch from last 4 day, it is amazing in all the wayThe worth of money and best performanceplease go for it.But there are some functionality is missing1.reply for messages2. And voice controlHope to see this is future updates.Thanks, Amazon for fast delivery","thanks , honor for this amazing watchi am using this watch from last 4 day , it is amazing in all the waythe worth of money and best performanceplease go for it . but there are some functionality is missing1 . reply for messages2 . and voicecontrolhope to see this is future update . thanks , amazon for fast delivery",,,,,,,,,,,,,,,,,,,,,,,,,,,,,,,,,,,,,,,,,,,,,,,,,,,,,,,,,,,,,,,,,,,,,,,,,,,,,,,,,,,,,,,,,,,,,,,,,,,,,,,,,,,,,,,,,,,,,,,,,,,,,,,,,,,,,,,,,,,,,,,,,,,,,,,,,,,,,,,,,,,,,,,,,,,,,,,,,,,,,,,,,,,,,,,,,,,,,,,,,,,,,,,,,,,,,,,,,,,,,,,,,,,,,,,,,,,,,,,,,,,,,,,,,,,,,,,,,,,,,,,,,,,,,,,,,,,,,,,,,,,,,,,,,,,,,,,,,,,,,,,,,,,,,,,,,,,,,,,,,,,,,,,,,,,,,,,,,,,,,,,,,,,,,,,,,,,,,,,,,,,,,,,,,,,,,,,,,,,,,,,,,,,,,,,,,,,,,,
"amazon.in:customer reviews: noise colorfit pro 2 full touch control smart watch with 35g weight &amp; upgraded lcd display,ip68 waterproof,heart rate monitor,sleep &amp; step tracker,call &amp; message alerts &amp; long battery life (jet black)",noise,1/23/2020,Good product in this price range,5,"I'm using this product since 3 months. Notifications, foot tracking, brightness of screen, performance wise really good. Compared to Google's fit app, accuracy is good. I almost charge it one time in 10 days.Overall performance in this price 4.5/5Accuracy 4/5Battery life 5/5Touch screen 4/5Notification window layout 4/5Different dial availability 3.5/5","i 'm using this product since 3 month . notification , foot tracking , brightness of screen , performance wise really good . compared to google is fit app , accuracy is good . i almost charge it one time in 10 day . overall performance in this price 4 . 5/5 accuracy 4/5 batterylife 5/5 touch screen 4/5 notification window layout 4/5 different dial availability 3 . 5/5",,,,,,,,,,,,,,,,,,,,,,,,,,,,,,,,,,,,,,,,,,,,,,,,,,,,,,,,,,,,,,,,,,,,,,,,,,,,,,,,,,,,,,,,,,,,,,,,,,,,,,,,,,,,,,,,,,,,,,,,,,,,,,,,,,,,,,,,,,,,,,,,,,,,,,,,,,,,,,,,,,,,,,,,,,,,,,,,,,,,,,,,,,,,,,,,,,,,,,,,,,,,,,,,,,,,,,,,,,,,,,,,,,,,,,,,,,,,,,,,,,,,,,,,,,,,,,,,,,,,,,,,,,,,,,,,,,,,,,,,,,,,,,,,,,,,,,,,,,,,,,,,,,,,,,,,,,,,,,,,,,,,,,,,,,,,,,,,,,,,,,,,,,,,,,,,,,,,,,,,,,,,,,,,,,,,,,,,,,,,,,,,,,,,,,,,,,,,,,
"amazon.in:customer reviews: honor magic watch 2 (46mm, charcoal black) 14-days battery, spo2, bt calling &amp; music playback, 100 workout modes, amoled touch screen, personalized watch faces, sleep &amp; hr monitor, smart companion",honor,1/23/2020,Best watch at 13k..,5,"In short - Absolute bang for buck!I bought this watch on the first day of sale itself for 13k.. and for that price i yhink it's the best watch one can buy..Display quality is just briliant.. everything is super sharp no pixelation and brightness is also excellent even on the brightest of sunny days u can easily see what's going on with the watch...Feel of watch is also really good .. sturdy, premium..Speaker is one of the best in smartwatches..it's so loud no issues while taking calls even outdoors..Fitness tracking is also top notch..And to top it all you will get around 7-10 days battery life depending on usage... That is so so convenient..You can actually use all feature without worrying abt battery life..Overall highly recommended..","in short - absolute bang for bug i bought this watch on the first day of sale itself for 13 k . and for that price i yhink it is the best watch one can buy . displayquality is just briliant . everything is super sharp no pixelation and brightness is also excellent even on the brightest of sunny day you can easily see what is going on with the watch . feel of watch is also really good . sturdy , premium . speaker is one of the best in smartwatchs . it is so loud no issues while taking call even outdoors . fitnesstracking is also top notch . and to top it all you will get around 7-10 day batterylife depending on usage . that is so so convenient . you can actually use all feature without worrying about batterylife . overall highly recommended .",,,,,,,,,,,,,,,,,,,,,,,,,,,,,,0,,,,,,,,,,,,,,,,,,,,,,,,,,,,,,,,,,,,,,,,,,,,,,,,,,,,,,,,,,,1,,,,,,,,,,,,,,,,,,,,,,,,,,,,,,,,,,,,,,,,,,,,,,,,,,,,,,,,,,,,,,,,,,,,,,,,,,,,,,,,,,,,,,,,,,,,,,,,,,,,,,,,,,,,,,,,,,,,,,,,,,,,,,,,,,,,,,,,,,,,,,,,,,,,,,,,,,,,,,,,,,,,,,,,1,,,,,,,,,,,,,,,,,,,,,,,,,,,,,,,,,,,,,,,,,,,,,,,,,,,,1,,,,,,,,,,,,,,,,,,,,,,,,,,,,,,,,,,,,,,,,,,,,,,,,,,,,,,,,,,,,,,,,,,,,,,,,,,,,,,,,,,,,,,,,,
"amazon.in:customer reviews: honor magic watch 2 (46mm, charcoal black) 14-days battery, spo2, bt calling &amp; music playback, 100 workout modes, amoled touch screen, personalized watch faces, sleep &amp; hr monitor, smart companion",honor,1/23/2020,Great watch with great features.VFM(extra watch face trick mentioned in the cons),5,"I was looking for a smart watch since many days, I had almost finalized amazefit gtr 47mm but suddenly saw honor magic watch 2's launch and I decided to buy this one.Options I looked before buying this watch were-Amazefit gtr, ticwatch e2, huawei gt2 and few others in 15k budget.Pros:1.Great battery life, watch came with 69% of charge, with continuous hr on + AOD for sometimes with all the notifications and few calls, it went till 3 and half day which was good for the first charge.For the second charge it's 74% left after 36 hours, hr continously on, calls, notifications as well sleep monitor on.2. Great display, good visibility outside, as it has an amoled display, blacks are great. Resolution is also good, text looks crystal clear.3. Gps and workout modes - gps workout mode works great and it's very accurate4. Heart rate sensor + sleep tracking is very accurate, I've compared hr sensor with my mio Fuse and it's accurate.5. Great build and design6. Calling feature is surprisingly good as I never thought I'll use that much. Volume is good enough to hear on the bike in traffic, person on the other side can't notice that you are talking from the watch.7. Bluetooth connectivity is very strong.Cons-1.Would have loved if there was a option to add more apps, like Google maps.2.Application doesn't have any option to take backup, though there are tricks if you have rooted phone but it's not for everyone.3.Limited watch faces. But I was able to install additional 11 watch faces from the app which is restricted to our region. ( if u have honor phone then make new UK account from honor website , select region UK on ur honor phone and login to UK account which u created and now you can download all the watch faces. Those watch faces will stay in ur phone permanently.)4.We can't reply to messages, they should enable this somehow.5.We can't see emojis and hindi - marathi language messages are not accurate.Overall it's the best smart watch your money can buy if you want a good battery backup.If you don't care about the battery backup then you can look for other Google wear watches.","i wa looking for a smartwatch since many day , i had almost finalized amazefit gtr 47 mm but sudenly saw honor magic watch 2 is launch and i decided to buy this one . option i looked before buying this watch were-amazefit gtr , ticwatch e2 , huawei gt2 and few others in 15 k budget . pros:1. great batterylife , watch came with 69 of charge , with continuous hr on + aod for sometimes with all the notification and few call , it went till 3 and half day which wa good for the first charge . for the second charge it is 74 left after 36 hour , hr continously on , call , notification a well sleep monitor on . 2. great display , good visibility outside , a it ha an amoled display , black are great . resolution is also good , text look crystal clear . 3. gps and workoutmode - gps workoutmode work great and it is very accurate4 . heartratesensor + sleeptracking ing is very accurate , i 've compared hr sensor with my mio fuse and it is accurate . 5. great build and design6 . calling feature is surprisingly good a i never thought i will use that much . volume is good enough to hear on the bike in traffic , person on the other side canot notice that you are talking from the watch . 7. bluetoothconnectivity is very strong . cons-1 . would have loved if there wa a option to ad more apps , like googlemaps . 2. application doesnot have any option to take backup , though there are trick if you have rooted phone but it is not for everyone . 3. limited watch face . but i wa able to instagramll aditional 11 watch face from the app which is restricted to our region . if you have honor phone then make new uk account from honor website , select region uk on you are honor phone and login to uk account which you created and now you can download all the watch face . those watch face will stay in you are phone permanently . 4. we canot reply to message , they should enable this somehow . 5. we canot see emojis and hindi - marathi language message are not accurate . overall it is the best smartwatch your money can buy if you want a good batterybackup . if you donot care about the batterybackup then you can look for other google wear watch .",,,,,,,,,,,,,,,,,,,,,,,,,,,1,,,,,,,,,,,1,,,,,,,,,,,,,0,,,1,,,,,,,,,,,,,,,,,,,,,,,,,,,,,,,,,,,,,,,,,,,,,,,,,,,,,,,,,,,,,-1,1,,,,,,,,,,,,,,,,,,,,,,,,,,,,,,,,,,,,,,,,,,,,,,,,,,,,,,,,,,,,,,,,,,,,,,,,,,,,,,,,,,,,,,,,,,,,,,,,,,,,,,,,,,,,,,,,,,,,,,,,,,,,,,,,,,,,,,,,,,,,,,,,,,,,,,,,,,,,,,,,,,,,,,,,,,,,,,,,,,,,,,,,,,,,,,,,,,,,,,,,,,,,,,,,,,,,,,,,,,,,,,,,,,,,,,,,,,,,,,,,,,,,,,,,,,,,,,,,,,,,,,,,,,,,,,,,,,,,,,,,,,
"amazon.in:customer reviews: honor magic watch 2 (46mm, charcoal black) 14-days battery, spo2, bt calling &amp; music playback, 100 workout modes, amoled touch screen, personalized watch faces, sleep &amp; hr monitor, smart companion",honor,1/23/2020,Amazing performance i love this,5,Nice watch almost 14 days battery backup,nice watch almost 14 day batterybackup,,,,,,,,,,,,,,,,,,,,,,,,,,,1,,,,,,,,,,,,,,,,,,,,,,,,,,,,,,,,,,,,,,,,,,,,,,,,,,,,,,,,,,,,,,,,,,,,,,,,,,,,,,,,,,,,,,,,,,,,,,,,,,,,,,,,,,,,,,,,,,,,,,,,,,,,,,,,,,,,,,,,,,,,,,,,,,,,,,,,,,,,,,,,,,,,,,,,,,,,,,,,,,,,,,,,,,,,,,,,,,,,,,,,,,,,,,,,,,,,,,,,,,,,,,,,,,,,,,,,,,,,,,,,,,,,,,,,,,,,,,,,,,,,,,,,,,,,,,,,,,,,,,,,,,,,,,,,,,,,,,,,,,,,,,,,,,,,,,,,,,,,,,,,,,,,,,,,,,,,,,,,,,,,,,,,,,,,,,,,,,,,,,,,,,,,,,,,,,,
"amazon.in:customer reviews: noise colorfit pro 2 full touch control smart watch with 35g weight &amp; upgraded lcd display,ip68 waterproof,heart rate monitor,sleep &amp; step tracker,call &amp; message alerts &amp; long battery life (jet black)",noise,1/23/2020,Overall not bad worth the money,4,I like the watch the design is really good..but Bluetooth connection is not good you have to keep checking if the phone is connected or not also i got grey color which used to look very attractive in starting but after a month it's looking dull.  so I would say better don't buy grey if you're going to wear it on daily basis,i like the watch the design is really good . but bluetoothconnection is not good you have to keep checking if the phone is connected or not also i got grey color which used to look very attractive in starting but after a month it is looking dull . so i would say better donot buy grey if you are going to wear it on dial y basis,,,,,,,,,,,,,,,,,,,,,,,,,,,,,,,,,,,,,,,,,,,,,,,,,,,,,,,,,,,,,,,,,,,,,,,,,,,,,,,,1,0,,,,,,,,,,,,,,,,,,,,,,,,,,,,,,,,,,,,,,,,,,,,,,,,,,,,,,,,,,,,,,,,,,,,,,,,,,,,,,,,,,,,,,,,,,,,,,,,,,,,,,,,,,,,,,,,,,,,,,,,,,,,,,,,,,,,,,,,,,,,,,,,,,,,,,,,,,,,,,,,,,,,,,,,,,,,,,,,,,,,,,,,,,,,,,,,,,,,,,,,,,,,,,,,,,,,,,,,,,,,,,,,,,,,,,,,,,,,,,,,,,,,,,,,,,,,,,,,,,,,,,,,,,,,,,,,,,,,,,,,,,,,,,,,,,,,,,,,,,,,,,,,,,,,,,,,,,,,,
"amazon.in:customer reviews: honor magic watch 2 (46mm, charcoal black) 14-days battery, spo2, bt calling &amp; music playback, 100 workout modes, amoled touch screen, personalized watch faces, sleep &amp; hr monitor, smart companion",honor,1/23/2020,"One of the best mid budgeted premium watches, must buy",5,"I have been using this watch for last 1 week, although I am not expert to review but yes my first impression about this watch is “Worth to buy” and I got this under offer of watch + honor wireless earphones.Here are my inputs after usage:Pros:- Amazing battery life, have charged on very first day and still battery is showing 79%- Easy to sync with Huawei Health app- Apple user like me can also sync this watch with app downloaded from App Store- Speaker quality is good- Good response to the calls incoming as well as outgoing- Notifications shows up immediately as soon as it comes on phone so no lag in that as well- rest fitness related features are also very good includingCons:- can’t have more than 10 favourite contacts stored in the watch- can’t reply to the messages via watch- features in the Huawei health app in Apple phone are limited, like can’t see stress level, watch facesHope Huawei will add features in Health app in iOS app as well 🙏🏻Overall it was a “good buy”","i have been using this watch for last 1 week , although i am not expert to review but yes my first impression about this watch is “ worth to buy ” and i got this under offer of watch + honor wireless earphone . here are my input after usage : pro : - amazing batterylife , have charged on very first day and still battery is showing 79 - easy to sync with huawei health app- apple user like me can also sync this watch with app downloaded from app store- speakerquality is good- good response to the call incoming a well a outgoing- notification show up immediately a soon a it come on phone so no lag in that a well- rest fitness related feature are also very good includingcons : - can ’ t have more than 10 favourite contact stored in the watch- can ’ t reply to the message via watch- feature in the huawei health app in apple phone are limited , like can ’ t see stresslevel , watch faceshope huawei will ad feature in health app in io app a well folded handsoverall it wa a “ good buy ”",,,,,,,,,,,,,,,,,,,,,,,,,,,,,,,,,,,,,,,,,,,,,,,,,,,,,,,,,,,,,,,,,,,,,,,,,,,,,,,,,,,,,,,,,,,,,,,,,,,,,,,,,,,,,,,,,,,,,,,,,,,,,,,,,,,,,,,,,,,,,,,,,,,,,,,,,,,,,,,,,,,,,,,,,,,,,,,,,,,,,,,,,,,,,,,,,,,,,,,,,,,,,,,,,,,,,,,,,,,,,,,,,,,,,,,,,,,,,,,,,,,,,,,,,,,,,,,,,,,,,,,,,,,,,,,,,,,,,,,,,,,,,,,,,,,,,,,,,,,,,,,,,,,,,,,,,,,,,,,,,,,,,,,,,,,,,,,,,,,,,,,,,,,,,,,,,,,,,,,,,,,,,,,,,,,,,,,,,,,,,,,,,,,,,,,,,,,,,,
"amazon.in:customer reviews: honor magic watch 2 (46mm, charcoal black) 14-days battery, spo2, bt calling &amp; music playback, 100 workout modes, amoled touch screen, personalized watch faces, sleep &amp; hr monitor, smart companion",honor,1/23/2020,VALUE FOR MONEY,5,"Now m gonna tell you some points why should we have to buy this amazing watch.1.EARLY CARDIAC ARREST MONITORING FUNCTION.2.PRESSURE DETECTION.3.LONG-LASTING BATTERY LIFE MAKES IT EASY TO USE.4.The Honor Magic Watch 2 features a 1.39-inch AMOLED HD screen with a screen resolution of 454 x 454. AMOLED screen has the advantages of high color saturation, colorful color, high contrast, thin and so on.The Honor Magic Watch 2 has many highlights, super Bluetooth calls, healthy heart early fights, indie music playback, and a dial that's more playable than some smartwatches on the market. A watch can achieve many of the functions used on a mobile phone, say is a watch, more like a small phone on hand. Looking at some of the smartwatches on the market, the quality and workmanship is uneven, and Honor Magic Watch 2 won't worry you about the quality of the watch. Many brands of several thousand dollars of smartwatch can achieve the function, Honor Magic Watch 2 can be achieved.","now m gon na tell you some point why should we have to buy this amazing watch . 1. early cardiac arrest monitoringfunction . 2. pressure detection . 3. long-lasting batterylife make it easy to use . 4. the honor magic watch 2 feature a 1 . 39-inch amoled hd screen with a screenresolution of 454 x 454. amoled screen ha the advantage of high color saturation , colorful color , high contrast , thin and so on . the honor magic watch 2 ha many highlight , super bluetooth call , healthy heart early fight , indie musicplayback , and a dial that is more playable than some smartwatchs on the market . a watch can achieve many of the function used on a mobile phone , say is a watch , more like a small phone on hand . looking at some of the smartwatchs on the market , the quality and workmanship is uneven , and honor magic watch 2 wonot worry you about the quality of the watch . many brand of several thousand dollar of smartwatch can achieve the function , honor magic watch 2 can be achieved .",,,,,,,,,,,,,,,,,,,,,,,,,,,,,,,,,,,,,,,,,,,,,,,,,,,,,,,,,,,,,,,,,,,,,,,,,,,,,,,,,,,,,,,,,,,,,,,,,,,,,,,,,,,,,,,,,,,,,,,,,,,,,,,,,,,,,,,,,,,,,,,,,,,,,,,,,,,,,,,,,,,,,,,,,,,,,,,,,,,,,,,,,,,,,,,,,,,,,,,,,,,,,,,,,,,,,,,,,,,,,,,,,,,,,,,,,,,,,,,,,,,,,,,,,,,,,,,,,,,,,,,,,,,,,,,,,,,,,,,,,,,,,,,,,,,,,,,,,,,,,,,,,,,,,,,,,,,,,,,,,,,,,,,,,,,,,,,,,,,,,,,,,,,,,,,,,,,,,,,,,,,,,,,,,,,,,,,,,,,,,,,,,,,,,,,,,,,,,,
"amazon.in:customer reviews: honor magic watch 2 (46mm, charcoal black) 14-days battery, spo2, bt calling &amp; music playback, 100 workout modes, amoled touch screen, personalized watch faces, sleep &amp; hr monitor, smart companion",honor,1/23/2020,"Battery life, great running companion",4,"Smart watch with interchangeable straps, and a great battery life .. it may not have the wide ecosystem of Wear OS, but the really usable apps for athletics is just fabulous..The addition of speaker for call is weird, or even listening to music is not so great as a little wrist bending blocks the vent. But, during running, the hands free commentary of status, heart rate, comparo with companion, average pace seals the deal.If you want a smart watch only, samsung active may work better .. but, if you intend to buy it for running, daily and marathon, it is purposefully built.  A little big on my wrist, you can say like most of the g shock, but it is fairly slim, considering it has a HR sensor.","smartwatch with interchangable strap , and a great batterylife . it may not have the wide ecosystem of wear o , but the really usable apps for athletics is just fabulous . the adition of speaker for call is weird , or even listening to music is not so great a a little wrist bending block the vent . but , during running , the hand free commentary of status , heartrate , comparo with companion , average pace seal the deal . if you want a smartwatch only , samsung active may work better . but , if you intend to buy it for running , dial y and marathon , it is purposefully built . a little big on my wrist , you can say like most of the g shock , but it is fairly slim , considering it ha a hr sensor .",,,,,,,,,,,,,,,,,,,,,,,,,,,,,,,,,,,,,,,,,,,,,,,,,,,,,,,,,,,,,,,,,,,,,,,,,,,,,,,,,,,,,,,,,,,,,,,,,,,,,,,,,,,,,,,,,,,,,,,,,,,,,,,,,,,,,,,,,,,,,,,,,,,,,,,,,,,,,,,,,,,,,,,,,,,,,,,,,,,,,,,,,,,,,,,,,,,,,,,,,,,,,,,,,,,,,,,,,,,-1,,,,,,,,,,,,,,,,,,,,,,,,,,,,,,,,,,,,,,,,,,,,,,,,,,,,,,,,,,,,,,,,,,,,,,,,,,,,,,,,,,,,,,,,,,,,,,,,1,,,,,,,,,,,,,,,,,,,,,,,,,,,,,,,,,,,,,,,,,,,,,,,,,,,,,,,,,,,,,,,,,,,,,,,,,,,,,,,,,,,
"amazon.in:customer reviews: honor magic watch 2 (46mm, charcoal black) 14-days battery, spo2, bt calling &amp; music playback, 100 workout modes, amoled touch screen, personalized watch faces, sleep &amp; hr monitor, smart companion",honor,1/23/2020,Awesome watch,5,Best watch. Classy look and feel. Battery performance is excellent. Was a bit sceptical on purchasing it as old models both GT and magic are available between 7-8k. Both wireless calling and music storage options are really worth. Also customized photo on watch is awesome.,best watch . classy look and feel . batteryperformance is excellent . wa a bit sceptical on purchasing it a old model both gt and magic are available between 7-8 k . both wireless calling and music storage option are really worth . also customized photo on watch is awesome .,,,,,,,,,,,,,,,,,,,,,,,,,,,,,,,1,,,,,,,,,,,,,,,,,,,,,,,,,,,,,,,,,,,,,,,,,,,,,,,,,,,,,,,,,,,,,,,,,,,,,,,,,,,,,,,,,,,,,,,,,,,,,,,,,,,,,,,,,,,,,,,,,,,,,,,,,,,,,,,,,,,,,,,,,,,,,,,,,,,,,,,,,,,,,,,,,,,,,,,,,,,,,,,,,,,,,,,,,,,,,,,,,,,,,,,,,,,,,,,,,,,,,,,,,,,,,,,,,,,,,,,,,,,,,,,,,1,,,,,,,,,,,,,,,,,,,,,,,,,,,,,,,,,,,,,,,,,,,,,,,,,,,,,,,,,,,,,,,,,,,,,,,,,,,,,,,,,,,,,,,,,,,,,,,,,,,,,,,,,,,,,,,,,,,,,,,,,,,,,,
"amazon.in:customer reviews: honor magic watch 2 (46mm, charcoal black) 14-days battery, spo2, bt calling &amp; music playback, 100 workout modes, amoled touch screen, personalized watch faces, sleep &amp; hr monitor, smart companion",honor,1/24/2020,Good budget smartwatch with few flaws..,4,"Build quality is near perfect, and awesome product with tons of features for workouts, decent Calling features, new Watch faces cannot be installed as Huawei health app requires the user to log in with Huawei Id in Huawei mobile services app which unfortunately doesn't work on my one plus 6t. Heart rate monitor needs to be more accurate but decent enough. Overall pls go for it you won't regret it","buildquality is near perfect , and awesome product with ton of feature for workout , decent calling feature , new watch face can not be instagramlled a huawei health app requires the user to log in with huawei id in huawei mobile service app which unfortunately doesnot work on my one plus 6 t . heartratemonitor need to be more accurate but decent enough . overall pls go for it you wonot regret it",,,,,,,,,,,,,,,,,,,,,,,,,,,,,,,,,,,,,,,,,,,,,,,,,,,,,,,,,,,,,,,,,,,,,,,,,,,,,,,,,,,,,,,,,,,,,,,,,,,,,,,,,,,,,,,,,,,,,,,,,,,,,,,,,,,,,,,,,,,,,,,,-1,,,,,,,,,,,,,,,,,,,,,,,,,,,,,,,,,,,,,,,,,,,,,,,,,,,,,,,,,,,,,,,,,,,,,,,,,,,,,,,,,,,,,,,,,,,,,,,,,,,,,,,,,,,,,,,,,,,,,,,,,,,,,,,,,,,,,,,,,,,,,,,,,,,,,,,,,,,,,,,,,,,,,,,,,,,,,,,,,,,,,,,,,,,,,,,,,,,,,,,,,,,,,,,,,,,,,,,,,,,,,,,,,,,,,,,,,,,,,,,,,,,,,,,,,,,,,,
"amazon.in:customer reviews: honor magic watch 2 (46mm, charcoal black) 14-days battery, spo2, bt calling &amp; music playback, 100 workout modes, amoled touch screen, personalized watch faces, sleep &amp; hr monitor, smart companion",honor,1/24/2020,Best smartwatch with best features,5,Best smartwatch. Really i love it ..,best smartwatch . really i love it .,,,,,,,,,,,,,,,,,,,,,,,,,,,,,,,,,,,,,,,,,,,,,,,,,,,,,,,,,,,,,,,,,,,,,,,,,,,,,,,,,,,,,,,,,,,,,,,,,,,,,,,,,,,,,,,,,,,,,,,,,,,,,,,,,,,,,,,,,,,,,,,,,,,,,,,,,,,,,,,,,,,,,,,,,,,,,,,,,,,,,,,,,,,,,,,,,,,,,,,,,,,,,,,,,,,,,,,,,,,,,,,,,,,,,,,,,,,,,,,,,,,,,,,,,,,,,,,,,,,,,,,,,,,,,,,,,,,,,,,,,,,,,,,,,,,,,,,,,,,,,,,,,,,,,,,,,,,,,,,,,,,,,,,,,,,,,,,,,,,,,,,,,,,,,,,,,,,,,,,,,,,,,,,,,,,,,,,,,,,,,,,,,,,,,,,,,,,,,,
"amazon.in:customer reviews: honor magic watch 2 (46mm, charcoal black) 14-days battery, spo2, bt calling &amp; music playback, 100 workout modes, amoled touch screen, personalized watch faces, sleep &amp; hr monitor, smart companion",honor,1/24/2020,Unable to find watch faces option on Huawei Health App,3,"I am unable to find option for Watch faces in Huawei Health App for my OnePlus 7 pro. I checked the same on Redmi and I am able to view the watch faces. Not sure if this app is compatible with OnePlus. Other than that everything about watch is super cool. Its been 5 days and still the battery is still at 40%, even though I am super heavy user of the watch. Super cool.... #JaiHuawei #JaiHonor","i am unable to find option for watch face in huawei health app for my oneplus 7 pro . i checked the same on redmi and i am able to view the watch face . not sure if this app is compatible with oneplus . other than that everything about watch is super cool . it been 5 day and still the battery is still at 40 , even though i am super heavy user of the watch . super cool . jaihuawei jaihonor",,,,,,,,,,,,,,,,,,,,,,,,,,-1,,,,,,,,,,,,,,,,,,,,,,,,,,,,,,,,,,,,,,,,,,,,,,,,,,,,,,,,,,,,,,,,,,,,,,,,,,,,,,,,,,,,,,,,,,,,,,,,,,,,,,,,,,,,,,,,,,,,,,,,,,,,,,,,,,,,,,,,,,,,,,,,,,,,,,,,,,,,,,,,,,,,,,,,,,,,,,,,,,,,,,,,,,,,,,,,,,,,,,,,,,,,,,,,,,,,,,,,,,,,,,,,,,,,,,,,,,,,,,,,,,,,,,,,,,,,,,,,,,,,,,,,,,,,,,,,,,,,,,,,,,,,,,,,,,,,,,,,,,,,,,,,,,,,,,,,,,,,,,,,,,,,,,,,,,,,,,,,,,,,,,,,,,,,,,,,,,,,,,,,,,,,,,,,,,,,
"amazon.in:customer reviews: honor magic watch 2 (46mm, charcoal black) 14-days battery, spo2, bt calling &amp; music playback, 100 workout modes, amoled touch screen, personalized watch faces, sleep &amp; hr monitor, smart companion",honor,1/24/2020,Enable custom watch faces on Android devices.,4,"One of the best smart watches in the price segment. Most of the reviews mention the pros and cons of the smart wearable. I will share how to enable custom watch faces on the watch:My Device: One Plus 7Issue: Was not able to download custom watch faces.Solution:Step 1: Create a Huawei ID on cloud.huawei.com. Make sure to select your region as UK.Step 2: Download huawei health app but donot open it.Step 3: Download huawei mobile services application.Step 4: Turn on airplane mode, connect to wifi and open the huawei health app. Select the region as UK or India.Step 5: Complete the pairing with your smart watch. You will be able to see option to use custom watch faces.Step 6: You wont be able to download the custom watch faces yet. It will prompt you to login using huawei id.Step 7: Goto settings > accounts > add new account and login using your created huawei id.Voila! Enjoy your watch faces.Also, the heart rate sensor is very accurate. I have compared it with iWatch series 5.","one of the best smartwatchs in the pricesegment . most of the review mention the pro and con of the smart wearable . i will share how to enable custom watch face on the watch : my device : one plus 7 issue : wa not able to download custom watch face . solution : step 1 : create a huawei id on cloud . huawei . com . make sure to select your region a uk . step 2 : download huawei health app but donot open it . step 3 : download huawei mobile service application . step 4 : turn on airplanemode , connect to wifi and open the huawei health app . select the region a uk or india . step 5 : complete the pairing with your smartwatch . you will be able to see option to use custom watch face . step 6 : you will not be able to download the custom watch face yet . it will prompt you to login using huawei id . step 7 : goto setting > account > ad new account and login using your created huawei id . voila enjoy your watch face . also , the heartratesensor is very accurate . i have compared it with iwatch series 5 .",,,,,,,,,,,,,,,,,,,,,,,,,,,,,,,,,,,,,,,,,,,,,,,,,,,,,,,,,,,,,,,,,,,,,,,,,,,,,,,,,,,,,,,,,,,,,,,,,,,,,,,,,,,,,,,,,,,,,,,,,,,,,,,,,,,,,,,,,,,,,,,,,1,,,,,,,,,,,,,,,,,,,,,,,,,,,,,,,,,,,,,,,,,,,,,,,,,,1,,,,,,,,,,,,,,,,,,,,,,,,,,,,,,,,,,,,,,,,,,,,,,,,,,,,,,,,,,,,,,,,,,,,,,,,,,,,,,,,,,,,,,,,,,,,,,,,,,,,,,,,,,,,,,,,,,,,,,,,,,,,,,,,,,,,,,,,,,,,,,,,,,,,,,,,,,,,,,,,,,,,,,,,,,,,,,,,,,,,,,,,,,,,,,,,,,,,,,,,,,,
"amazon.in:customer reviews: honor magic watch 2 (46mm, charcoal black) 14-days battery, spo2, bt calling &amp; music playback, 100 workout modes, amoled touch screen, personalized watch faces, sleep &amp; hr monitor, smart companion",honor,1/24/2020,Best watch at this price range,5,Loved it😍👌,loved it smiling face with heart-eyes ok hand,,,,,,,,,,,,,,,,,,,,,,,,,,,,,,,,,,,,,,,,,,,,,,,,,,,,,,,,,,,,,,,,,,,,,,,,,,,,,,,,,,,,,,,,,,,,,,,,,,,,,,,,,,,,,,,,,,,,,,,,,,,,,,,,,,,,,,,,,,,,,,,,,,,,,,,,,,,,,,,,,,,,,,,,,,,,,,,,,,,,,,,,,,,,,,,,,,,,,,,,,,,,,,,,,,,,,,,,,,,,,,,,,,,,,,,,,,,,,,,,,,,,,,,,,,,,,,,,,,,,,,,,,,,,,,,,,,,,,,,,,,,,,,,,,,,,,,,,,,,,,,,,,,,,,,,,,,,,,,,,,,,,,,,,,,,,,,,,,,,,,,,,,,,,,,,,,,,,,,,,,,,,,,,,,,,,,,,,,,,,,,,,,,,,,,,,,,,,,,
"amazon.in:customer reviews: honor magic watch 2 (46mm, charcoal black) 14-days battery, spo2, bt calling &amp; music playback, 100 workout modes, amoled touch screen, personalized watch faces, sleep &amp; hr monitor, smart companion",honor,1/24/2020,Stylist watch in affordable price,5,It's very stylish and durable. We can customize watch faced. All the health related features are quite accurate. No lagging found in Huwai health app. Battery back up is also very good.You need to login to Huwai account from settings to customize your Galary pics as watch face. Overall far batter option in Android market.,it is very stylish and durable . we can customize watch faced . all the health related feature are quite accurate . no lag found in huwai health app . battery back up is also very good . you need to login to huwai account from setting to customize your galary pic a watch face . overall far batter option in android market .,,,,,,,,,,,,,,,,,,,,,,,,,,1,,,,,,,,,,,,,,,,,,,,,,,,,,,,,,,,,,,,,,,,,,,,,,,,,,,,,,,,,,,,,,,,,,,,,,,,,,,,,,,,,,,,,,,,,,,,,,,,,,,,,,,,,,,,,,,,,,,,,,,,,,,,,,,,,,,,,,,,,,,,,,,,,,,,,,,,,,,,,,,,,,,,,,,,,,,,,,,,,,,,,,,,,,,,,,,,,,,,,,,,,,,,,,,,,,,,,,,,,,,,,,,,,,,,,,,,,,,,,,,,,,,,,,,,,,,,,,,,,,,,,,,,,,,,,,,,,,,,,,,,,,,,,,,,,,,,,,,,,,,,,,,,,,,,,,,,,,,,,,,,,,,,,,,,,,,,,,,,,,,,,,,,,,,,,,,,,,,,,,,,,,,,,,,,,,,,
"amazon.in:customer reviews: honor magic watch 2 (46mm, charcoal black) 14-days battery, spo2, bt calling &amp; music playback, 100 workout modes, amoled touch screen, personalized watch faces, sleep &amp; hr monitor, smart companion",honor,1/24/2020,Good smart watch,5,Since I have got this on first day sale and delivered to me on next day since five days usage I found very good battery life is 45 percent down on normal usage average of 9% a day it's good enough very good and perfect tracker.,since i have got this on first day sale and delivered to me on next day since five day usage i found very good batterylife is 45 percent down on normal usage average of 9 a day it is good enough very good and perfect tracker .,,,,,,,,,,,,,,,,,,,,,,,,,,,,,,,,,,,,,,,,,,,,,,,,,,,,,,,,,,,,,,,,,,,,,,,,,,,,,,,,,,,,,,,,,,,,,,,,,,,,,,,,,,,,,,,,,,,,,,,,,,,,,,,,,,,,,,,,,,,,,,,,,,,,,,,,,,,,,,,,,,,,,,,,,,,,,,,,,,,,,,,,,,,,,,,,,,,,,,,,,,,,,,,,,,,,,,,,,,,,,,,,,,,,,,,,,,,,,,,,,,,,,,,,,,,,,,,,,,,,,,,,,,,,,,,,,,,,,,,,,,,,,,,,,,,,,,,,,,,,,,,,,,,,,,,,,,,,,,,,,,,,,,,,,,,,,,,,,,,,,,,,,,,,,,,,,,,,,,,,,,,,,,,,,,,,,,,,,,,,,,,,,,,,,,,,,,,,,,
"amazon.in:customer reviews: honor magic watch 2 (46mm, charcoal black) 14-days battery, spo2, bt calling &amp; music playback, 100 workout modes, amoled touch screen, personalized watch faces, sleep &amp; hr monitor, smart companion",honor,1/24/2020,"Worth ""Watch""ing!!!",5,"A masterpiece in every bit.. Accurate readings.. Premium feel and looks.Pros : Display, accuracy, looksCons: nothing as yet.. Will post a detailed review after a week of usage.","a masterpiece in every bit . accurate reading . premium feel and look . pro : display , accuracy , lookscons : nothing a yet . will post a detailed review after a week of usage .",,,,,,,,,,,,,,,,,,,,,,,,,,,,,,,,,,,,,,,,,,,,,,,,,,,,,,,,,,,,,,,,,,,,,,,,,,,,,,,,,,,,,,,,,,,,,,,,,,,,,,,,,,,,,,,,,,,,,,,,,,,,,,,,,,,,,,,,,,,,,,,,,,,,,,,,,,,,,,,,,,,,,,,,,,,,,,,,,,,,,,,,,,,,,,,,,,,,,,,,,,,1,,,,,,,,,,,,,,,,,,,,,,,,,,,,,,,,,,,,,,,,,,,,,,,,,,,,,,,,,,,,,,,,,,,,,,,,,,,,,,,,,,,,,,,,,,,,,,,,,,,,,,,,,,,,,,,,,,,,,,,,,,,,,,,,,,,,,,,,,,,,,,,,,,,,,,,,,,,,,,,,,,,,,,,,,,,,,,,,,,,,,,,,,,,,,,,,,,,
"amazon.in:customer reviews: noise colorfit pro 2 full touch control smart watch with 35g weight &amp; upgraded lcd display,ip68 waterproof,heart rate monitor,sleep &amp; step tracker,call &amp; message alerts &amp; long battery life (jet black)",noise,1/24/2020,Value for💰money,4,Some time it doesn't show notificationsIts battery life for two weeksLooks wise premium👌Heart rate monitoring and its activities accuracy is perfectI love this watchMy brother also want this watch he liked its features and look& its come with the budget👍Must buy watch,some time it doesnot show notificationits batterylife for two weekslooks wise premium ok handheartratemonitoring and it activity accuracy is perfecti love this watchmy brother also want this watch he liked it feature and look it come with the budget thumb upmust buy watch,,,,,,,,,,,,,,,,,,,,,,,,,,,,,,,,,,,,,,,,,,,,,,,,,,,,,,,,,,,,,,,,,,,,,,,,,,,,,,,,,,,,,,,,,,,,,,,,,,,,,,,,,,,,,,,,,,,,,,,,,,,,,,,,,,,,,,,,,,,,,,,,,,,,,,,,,,,,,,,,,,,,,,,,,,,,,,,,,,,,,,,,,,,,,,,,,,,,,,,,,,,,,,,,,,,,,,,,,,,,,,,,,,,,,,,,,,,,,,,,,,,,,,,,,,,,,,,,,,,,,,,,,,,,,,,,,,,,,,,,,,,,,,,,,,,,,,,,,,,,,,,,,,,,,,,,,,,,,,,,,,,,,,,,,,,,,,,,,,,,,,,,,,,,,,,,,,,,,,,,,,,,,,,,,,,,,,,,,,,,,,,,,,,,,,,,,,,,,,
"amazon.in:customer reviews: honor magic watch 2 (46mm, charcoal black) 14-days battery, spo2, bt calling &amp; music playback, 100 workout modes, amoled touch screen, personalized watch faces, sleep &amp; hr monitor, smart companion",honor,1/25/2020,Great watch with limitations for iOS,4,A great watch but my advice IOS users don’t buy This watch is fully compatible with android phones A request to manufacturer PL UPGRADE THIS WATCH TO WORK FULLY ON IOS PHOBES,a great watch but my advice io user don ’ t buy this watch is fully compatible with android phone a request to manufacturer pl upgrade this watch to work fully on io phobes,,,,,,,,,,,,,,,,,,,,,,,,,,,,,,,,,,,,,,,,,,,,,,,,,,,,,,,,,,,,,,,,,,,,,,,,,,,,,,,,,,,,,,,,,,,,,,,,,,,,,,,,,,,,,,,,,,,,,,,,,,,,,,,,,,,,,,,,,,,,,,,,,,,,,,,,,,,,,,,,,,,,,,,,,,,,,,,,,,,,,,,,,,,,,,,,,,,,,,,,,,,,,,,,,,,,,,,,,,,,,,,,,,,,,,,,,,,,,,,,,,,,,,,,,,,,,,,,,,,,,,,,,,,,,,,,,,,,,,,,,,,,,,,,,,,,,,,,,,,,,,,,,,,,,,,,,,,,,,,,,,,,,,,,,,,,,,,,,,,,,,,,,,,,,,,,,,,,,,,,,,,,,,,,,,,,,,,,,,,,,,,,,,,,,,,,,,,,,,
"amazon.in:customer reviews: honor magic watch 2 (46mm, charcoal black) 14-days battery, spo2, bt calling &amp; music playback, 100 workout modes, amoled touch screen, personalized watch faces, sleep &amp; hr monitor, smart companion",honor,1/25/2020,Call or notification vibration or sound doesn't work,1,"I have a problem with this Honor Magic watch 2. Whenever I get a call it shows only calling screen but it doesn't vibrate. I have tried all possible ways to get it sloved ie, tried resetting the device, uninstalling Huawei Health app and reinstalled it. Vibration motor of the device is working fine. But the problem is it doesn't vibrate whenever a call or notification arrives. Sometimes heart rate sensor also fails because it doesn't detect I'm wearing the watch. But my Honor band 4 works well for all notification.","i have a problem with this honor magic watch 2. whenever i get a call it show only calling screen but it doesnot vibrate . i have tried all possible way to get it sloved ie , tried resetting the device , uninstagramlling huawei health app and reinstagramlled it . vibration motor of the device is working fine . but the problem is it doesnot vibrate whenever a call or notification arrives . sometimes heartratesensor also fails because it doesnot detect i 'm wearing the watch . but my honor band 4 work well for all notification .",,,,,,,,,,,,,,,,,,,,,,,1,,,,,,,,,,,,,,,,,,,,,,,,,,,,,,,,,,,,,,,,,,,,,,,,,,,,,,,,,,,,,,,,,,,,,,,,,,,,,,,,,,,,,,,,,,,,,,,,,,,,,,,,,,,,,,,,,,,,,,,,,,-1,,,,,,,,,,,,,,,,,,,,,,,,,,,,,,,,,,,,,,,,,,,,,,,,,,,,,,,,,,,,,,,,,,-1,,,,,,,,,,,,,,,,,,,,,,,,,,,,,,,,,,,,,,,,,,,,,,,,,,,,,,,,,,,,,,,,,,,,,,,,,,,,,,,,,,,,,,,,,,,,,,,,,,,,,,,,,,1,,,,,,,,,,,,,,,,,,,,,,,,,,,,,,,,,,,,,,,,,,,,,,,,,,,,,,,,,,,,,,,,,,,,,,,,,,,,,,,,,
"amazon.in:customer reviews: honor magic watch 2 (46mm, charcoal black) 14-days battery, spo2, bt calling &amp; music playback, 100 workout modes, amoled touch screen, personalized watch faces, sleep &amp; hr monitor, smart companion",honor,1/25/2020,Box Packaging poor,1,Outer package was very much damaged,outer package wa very much damaged,,,,,,,,,,,,,,,,,,,,,,,,,,,,,,,,,,,,,,,,,,,,,,,,,,,,,,,,,,,,,,,,,,,,,,,,,,,,,,,,,,,,,,,,,,,,,,,,,,,,,,,,,,,,,,,,,,,,,,,,,,,,,,,,,,,,,,,,,,,,,,,,,,,,,,,,,,,,,,,,,,,,,,,,,,,,,,,,,,,,,,,,,,,,,,,,,,,,,,,,,,,,,,,,,,,,,,,,,,,,,,,,,,,,,,,,,,,,,,,,,,,,,,,,,,,,,,,,,,,,,,,,,,,,,,,,,,,,,,,,,,,,,,,,,,,,,,,,,,,,,,,,,,,,,,,,,,,,,,,,,,,,,,,,,,,,,,,,,,,,,,,,,,,,,,,,,,,,,,,,,,,,,,,,,,,,,,,,,,,,,,,,,,,,,,,,,,,,,,
"amazon.in:customer reviews: honor magic watch 2 (46mm, charcoal black) 14-days battery, spo2, bt calling &amp; music playback, 100 workout modes, amoled touch screen, personalized watch faces, sleep &amp; hr monitor, smart companion",honor,1/25/2020,Good looking premium smart watch,4,"Watch is looking really cool and it had bunch of features. This is the real competitor for other smart watches like samsung or apple.Some times i feel it's slightly sluggish but other than that everything is really good.Also one more observation is battery life, it's really coming more than 10 days for a single charge.My rating would be 8 out of 10 because of operationg system.","watch is looking really cool and it had bunch of feature . this is the real competitor for other smartwatchs like samsung or apple . some time i feel it is slightly sluggish but other than that everything is really good . also one more observation is batterylife , it is really coming more than 10 day for a single charge . my rating would be 8 out of 10 because of operationg system .",,,,,,,,,,,,,,,,,,,,,,,,,,,,,,1,,,,,,,,,,,,,,,,,,,,,,,,,,,,,,,,,,,,,,,,,,,,,,,,,,,,,,,,,,,,,,,,,,,,,,,,,,,,,,,,,,,,,,,,,,,,,,,,,,,,,,,,,,,,,,,,,,,,,,,,,,,,,,,,,,,,,,,,,,,,,,,,,,,,,,,,,,,,,,,,,,,,,,,,,,,,,,,,,,,,,,,,,,,,,,,,,,,,,,,,,,,,,,,,,,,,,,,,,,,,,,,,,,,,,,,,,,,,,,,,,,,,,,,,,,,,,,,,,,,,,,,,,,,,,,,,,,,,,,,,,,,,,,,,,,,,,,,,,,,,,,,,,,,,,,,,,,,,,,,,,,,,,,,,,,,,,,,,,,,,,,,,,,,,,,,,,,,,,,,,,,,,,,,,
"amazon.in:customer reviews: honor magic watch 2 (46mm, charcoal black) 14-days battery, spo2, bt calling &amp; music playback, 100 workout modes, amoled touch screen, personalized watch faces, sleep &amp; hr monitor, smart companion",honor,1/25/2020,Good but lacks some features.,4,"Best in price segment in look and feel.Steps reading is not accurate, calculates 40%-60% more.All other sensors works fine.Additional watch face download is chaotic for OnePlus devices(I am using 6t).Health app is okay.","best in pricesegment in look and feel . step reading is not accurate , calculates 40 -60 more . all other sensor work fine . aditional watch face download is chaotic for oneplus device i am using 6 t . health app is okay .",,,,,,,,,,,,,,,,,,,,,,,,,,,,,,,,,,,,,,,,,,,,,,,,,,,,,,,,,,,,,,,,,,,,,,,,,,,,,,,,,,,,,,,,,,,,,,,,,,,,,,,,,,,,,,,,,,,,,,,,,,,,,,,,,,,,,,,,,,,,,,,,,,,,,,,,,,,,,,,,,,,,,,,,,,,,,,,,,,,,,,,,,,,,,,,,,,,,,,,,,,,,,,,,,,,,,,,,,,,1,,,,,,,,,,,,,,,,,,,,,,,,,,,,,,,,,,,,,,,,,,,,,,,,,,,,,,,,,,,,,,,,,,,,,,,,,,,,,,,,,,,,,,,,,,,,,,,,,,,,,,,,,,,,,,,,,,,,,,,,,,,,,,,,,,,,,,,,,,,,,,,,,,,,,,,,,,,,,,,,,,,,,,,,,,,,,,,,,,,
"amazon.in: buy samsung galaxy watch active 2 (bluetooth + lte, 44 mm) - black, steel dial, leather straps online at low prices in india | samsung reviews & ratings",samsung,1/26/2020,"3.0 out of 5 stars
It is faulty accuracy of steps count and calories burnt",3,"if you ride a bike and travel in a bus the watch will taken steps count, it's effect on your dialy fitness report & kilo calories burnt with exercise
Read more","if you ride a bike and travel in a bus the watch will taken step count , it is effect on your dialy fitness report kilo calorie burnt with exercise read more",,,,,,,,,,,,,,,,,,,,,,,,,,,,,,,,,,,,,,,,,,,,,,,,,,,,,,,,,,,,,,,,,,,,,,,,,,,,,,,,,-1,,,,,,,,,,,,,,,,,,,,,,,,,,,,,,,,,,,,,,,,,,,,,,,,,,,,,,,,,,,,,,,,,,,,,,,,,,,,,,,,,,,,,,,,,,,,,,,,,,,,,,,,,,,,,,,,,,,,,,,,,,,,,,,,,,,,,,,,,,,,,,,,,,,,,,,,,,,,,,,,,,,,,,,,,,,,,,,,,,,,,,,,,,,,,,,,,,,,,,,,,,,,,,,,,,,,,,,,,,,,,,,,,,,,,,,,,,,,,,,,,,,,,,,,,,,,,,,,,,,,,,,,,,,,,,,,,,,,,,,,,,,,,,,,,,,,,,,,,,,,,,,,,,,,,,,,,,,,,
"amazon.in:customer reviews: noise colorfit pro 2 full touch control smart watch with 35g weight &amp; upgraded lcd display,ip68 waterproof,heart rate monitor,sleep &amp; step tracker,call &amp; message alerts &amp; long battery life (jet black)",noise,1/26/2020,Need improvement in Activity Alert,3,"Its been 3 montha i have bought this product.  One of the major bug or you can say default in this product is no ""Activity Alert"" i have ever received in this previous month. Yeah i recieved one alert but the watch was not on my wrist and it blink for make an Activity. Touch sensitivity is ok ok.Poor customer service.No feedback of my complaint since last 15 days.",it been 3 montha i have bought this product . one of the major bug or you can say default in this product is no activity alert i have ever received in this previous month . yeah i recieved one alert but the watch wa not on my wrist and it blink for make an activity . touchsensitivity is ok ok. poor customerservice . no feedback of my complaint since last 15 day .,,,,,,,,,,,,,,,,,,,,,,,,,,,,,,,,,,,,,,,,,,,,,,,,,,,,,,,,,,,,,,,,,,,,,,,,,,,,,,,,,,,,,,,,,,,,,,,,,,,,,,,,,,,,,,,,,,,,,,,,,,,,,,,,,,,,,,,,,,,,,,,,,,,,,,,,,,,,,,,,,,,,,,,,,,,,,,,,,,,,,,,,,,,,,,,,,,,,,,,,,,,,,,,,,,,,,,,,,,,,,,,,,,,,,,,,,,,,,,,,,,,,,,,,,,,,,,,,,,,,,,,,,,,,,,,,,,,,,,,,,,,,,,,,,,,,,,,,,,,,,,,,,,,0,,,,,,,,,,,,,,,,,,,,,,,,,,,,,,,,,,,,,,,,,,,,,,,,,,,,,,,,,,,,,,,,,,,,,,,,,,,,,,,,,,,,,,,,,,,
"amazon.in:customer reviews: noise colorfit pro 2 full touch control smart watch with 35g weight &amp; upgraded lcd display,ip68 waterproof,heart rate monitor,sleep &amp; step tracker,call &amp; message alerts &amp; long battery life (jet black)",noise,1/27/2020,A good product!,4,"It's a good product at the price it's offered. The accuracy in step-tracking is almost perfect, though it could've been better. The touch screen isn't as sensitive as your phone screen, but it does the job. I would've been happier if it gave me an option of customising the watch face, which at the moment is limited to the ones which are pre-loaded. Overall, the product does what it boasts of at an affordable price. Kudos!  : )","it is a good product at the price it is offered . the accuracy in step-tracking is almost perfect , though it could 've been better . the touch screen isnot a sensitive a your phone screen , but it doe the job . i would 've been happier if it gave me an option of customising the watch face , which at the movement is limited to the one which are pre-loaded . overall , the product doe what it boast of at an affordable price . kudos :",1,,,,,,,,,,,,,,,,,,,,,,,,,,,,,,,,,,,,,,,,,,,,,,,,,,,,,,,,,,,,,,,,,,,,,,,,,,,,,,,,,,,,,,,,,,,,,,,,,,,,,,,,,,,,,,,,,,,,,,,,,,,,,,,,,,,,,,,,,,,,,,,,,,,,,,,,,,,,,,,,,,,,,,,,,,,,,,,,,,,,,,,,,,,,,,,,,,,,,,,,,,,,,,,,,,1,,,,,,,,,,,,,,,,,,,,,,,,,,,,,,,,,,,,,,,,,,,,,,,,,,,,,,,,,,,,,,,,,,,,,,,,,,,,,,,,,,,,,,,,,,,,,,,,,,,,,,,,,,,,,,,,,,,,,,,,,,,,,,,,,,,,,,,,,,,,,,,,,,,,,,,,,,,,,,,,,,,,,,,,,,,,,,,,,,,,,,,,,,,
"amazon.in:customer reviews: fitbit fb507rgpk versa 2 health &amp; fitness smartwatch with heart rate, music, alexa built-in, sleep &amp; swim tracking, petal/copper rose, one size (s &amp; l bands included) (petal/copper rose)",fitbit,1/27/2020,Good watch with inaccuracy,2,Inaccurate,inaccurate,,,,,,,,,,,,,,,,,,,,,,,,,,,,,,,,,,,,,,,,,,,,,,,,,,,,,,,,,,,,,,,,,,,,,,,,,,,,,,,,,,,,,,,,,,,,,,,,,,,,,,,,,,,,,,,,,,,,,,,,,,,,,,,,,,,,,,,,,,,,,,,,,,,,,,,,,,,,,,,,,,,,,,,,,,,,,,,,,,,,,,,,,,,,,,,,,,,,,,,,,,,,,,,,,,,,,,,,,,,,,,,,,,,,,,,,,,,,,,,,,,,,,,,,,,,,,,,,,,,,,,,,,,,,,,,,,,,,,,,,,,,,,,,,,,,,,,,,,,,,,,,,,,,,,,,,,,,,,,,,,,,,,,,,,,,,,,,,,,,,,,,,,,,,,,,,,,,,,,,,,,,,,,,,,,,,,,,,,,,,,,,,,,,,,,,,,,,,,,
"amazon.in:customer reviews: honor magic watch 2 (46mm, charcoal black) 14-days battery, spo2, bt calling &amp; music playback, 100 workout modes, amoled touch screen, personalized watch faces, sleep &amp; hr monitor, smart companion",honor,1/27/2020,Absolute beast,5,Used for 2 months now..Build quality : 5/5Battery life : 5/5Software : 4/5Connectivity with phone: 5/5Activity monitoring: 5/5Watch faces : 5/5Music/earphone compatibility : 5/5,used for 2 month now . buildquality : 5/5 batterylife : 5/5 software : 4/5 connectivity with phone : 5/5 activity monitoring : 5/5 watch face : 5/5 music/earphone compatibility : 5/5,,,,,,,,,,,,,,,,,,,,,,,,,,,,,,,,,,,,,,,,,,,,,,,,,,,,,,,,,,,,,,,,,,,,,,,,,,,,,,,,,,,,,,,,,,,,,,,,,,,,,,,,,,,,,,,,,,,,,,,,,,,,,,,,,,,,,,,,,,,,,,,,,,,,,,,,,,,,,,,,,,,,,,,,,,,,,,,,,,,,,,,,,,,,,,,,,,,,,,,,,,,,,,,,,,,,,,,,,,,,,,,,,,,,,,,,,,,,,,,,,,,,,,,,,,,,,,,,,,,,,,,,,,,,,,,,,,,,,,,,,,,,,,,,,,,,,,,,,,,,,,,,,,,,,,,,,,,,,,,,,,,,,,,,,,,,,,,,,,,,,,,,,,,,,,,,,,,,,,,,,,,,,,,,,,,,,,,,,,,,,,,,,,,,,,,,,,,,,,
"amazon.in:customer reviews: honor magic watch 2 (46mm, charcoal black) 14-days battery, spo2, bt calling &amp; music playback, 100 workout modes, amoled touch screen, personalized watch faces, sleep &amp; hr monitor, smart companion",honor,1/27/2020,Superb purchase,5,Well this watch looks premium according to its price and i am happy to purchase it discounted price on launch . A++++,well this watch look premium according to it price and i am happy to purchase it discounted price on launch . a++++,,,,,,,,,,,,,,,,,,,,,,,,,,,,,,,,,,,,,,,,,,,,,,,,,,,,,,,,,,,,,,,,,,,,,,,,,,,,,,,,,,,,,,,,,,,,,,,,,,,,,,,,,,,,,,,,,,,,,,,,,,,,,,,,,,,,,,,,,,,,,,,,,,,,,,,,,,,,,,,,,,,,,,,,,,,,,,,,,,,,,,,,,,,,,,,,,,,,,,,,,,,,,,,,,,,,,,,,,,,,,,,,,,,,,,,,,,,,,,,,,,,,,,,,,,,,,,,,,,,,,,,,,,,,,,,,,,,,,,,,,,,,,,,,,,,,,,,,,,,,,,,,,,,,,,,,,,,,,,,,,,,,,,,,,,,,,,,,,,,,,,,,,,,,,,,,,,,,,,,,,,,,,,,,,,,,,,,,,,,,,,,,,,,,,,,,,,,,,,
"amazon.in:customer reviews: honor magic watch 2 (46mm, charcoal black) 14-days battery, spo2, bt calling &amp; music playback, 100 workout modes, amoled touch screen, personalized watch faces, sleep &amp; hr monitor, smart companion",honor,1/27/2020,Great smartwatch to use and worth money,4,"I am writing the review after 7 days of use.Pros:Metal is really good and strap is nice quality too. Touch is super smooth. Display resolution is wonderful. Battery life after 7 days, still 50% left, means the commitment of 14 days battery back up is true. Step count is perfect. Heart rate monitor is great. Best thing here is stress management. You can really measure the strees. Exercise models are nice and vivid. Speaker is good. You can take call on the road full of traffic and you will hear clearly. Value for money. Looks great.ConsWhile downloading watch faces, they are redirecting to huawai internet app. Once you download this app, its not responding for my samsung s10 plus.46mm model might big model for skinny people.","i am writing the review after 7 day of use . pro : metal is really good and strap is nice quality too . touch is super smooth . displayresolution is wonderful . batterylife after 7 day , still 50 left , mean the commitment of 14 day battery back up is true . step count is perfect . heartratemonitor is great . best thing here is stress management . you can really measure the stress . exercisemodels are nice and vivid . speaker is good . you can take call on the road full of traffic and you will hear clearly . value for money . look great . conswhile downloading watch face , they are redirecting to huawai internet app . once you download this app , it not responding for my samsung s10 plus . 46 mm model might big model for skinny people .",,,,,,,,,,,,,,,,,,,,,,,,,,,,,,,,,,,,,,,,,,,,,,,,,,,,,,,,,,,,,,,,,,,,,,,,,,,,,,,,,,,,,,,,,,1,,,,,,,,1,,,,,,,,,,,,,,,,,,,,,,,,,,,,,,,,,,,,,,,,,,,,,,1,,,,,,,,,,,,,,,,,,,,,,,,,,,,,,,,,,,,,,,,,,,,,,,,,,,,,,,,,,,,,,,,,,,,,,,,,,,,,,,,,,,,,,,,,,,,,,,,,,,,,,,,,,,,,,,,,1,,,,,,,,,,,,,,,,,,,,,0.5,,,,,,,,,,,,,,,,,,,,,,,,,,,,,,,,,,,,,,,,,,,,,,,,,,,,,,,,,,,,,,,,,,,,,,,,,,,,,,,,,,,,,,,,,,,,,,,,,,,,,,,,,,,,,,,,,,,,,,,,
"amazon.in:customer reviews: honor magic watch 2 (46mm, charcoal black) 14-days battery, spo2, bt calling &amp; music playback, 100 workout modes, amoled touch screen, personalized watch faces, sleep &amp; hr monitor, smart companion",honor,1/27/2020,Please do not buy if you own a I phone.,3,The product is really good only if you own an android phone as most of the features are not compatible with i Phone.It is a waste of a product if the features are not compatible.I wish this was shared in the product reviews.I would not have not gone for this product.,the product is really good only if you own an android phone a most of the feature are not compatible with i phone . it is a waste of a product if the feature are not compatible . i wish this wa shared in the product review . i would not have not gone for this product .,,,,,,,,,,,,,,,,,,,,,,,,,,,,,,,,,,,,,,,,,,,,,,,,,,,,,,,,,,,,,,,,,,,,,,,,,,,,,,,,,,,,,,,,,,,,,,,,,,,,,,,,,,,,,,,,,,,,,,,,,,,,,,,,,,,,,,,,,,,,,,,,,,,,,,,,,,,,,,,,,,,,,,,,,,,,,,,,,,,,,,,,,,,,,,,,,,,,,,,,,,,,,,,,,,,,,,,,,,,,,,,,,,,,,,,,,,,,,,,,,,,,,,,,,,,,,,,,,,,,,,,,,,,,,,,,,,,,,,,,,,,,,,,,,,,,,,,,,,,,,,,,,,,,,,,,,,,,,,,,,,,,,,,,,,,,,,,,,,,,,,,,,,,,,,,,,,,,,,,,,,,,,,,,,,,,,,,,,,,,,,,,,,,,,,,,,,,,,,
"amazon.in:customer reviews: honor magic watch 2 (46mm, charcoal black) 14-days battery, spo2, bt calling &amp; music playback, 100 workout modes, amoled touch screen, personalized watch faces, sleep &amp; hr monitor, smart companion",honor,1/27/2020,Great Smartwatch,5,Very good watch and value for money . Great call quality and overall performance . Could have been more better integration that you could even take WhatsApp calls . Best watch,very good watch and value for money . great call quality and overall performance . could have been more better integreation that you could even take whatsapp call . best watch,,,,,,,,,,,,,,,,,,,,,,,,,,,,,,,,,,,,,,,,,,,,,,,,,,,,,,,,,,,,,,,,,,,,,,,,,,,,,,,,,,,,,,,,,,,,,,,,,,,,,,,,,,,,,,,,,,,,,,,,,,,,,,,,,,,,,,,,,,,,,,,,,,,,,,,,,,,,,,,,,,,,,,,,,,,,,,,,,,,,,,,,,,,,,,,,,,,,,,,,,,,,,,,,,,,,,,,,,,,,,,,,,,,,,,,,,,,,,,,,,,,,,,,,,,,,,,,,,,,,,,,,,,,,,,,,,,,,,,,,,,,,,,,,,,,,,,,,,,,,,,,,,,,,,,,,,,,,,,,,,,,,,,,,,,,,,,,,,,,,,,,,,,,,,,,,,,,,,,,,,,,,,,,,,,,,,,,,,,,,,,,,,,,,,,,,,,,,,,
"amazon.in:customer reviews: noise colorfit pro 2 full touch control smart watch with 35g weight &amp; upgraded lcd display,ip68 waterproof,heart rate monitor,sleep &amp; step tracker,call &amp; message alerts &amp; long battery life (jet black)",noise,1/28/2020,Noise ko choise!!!!🔥,4,The product is fabulous in working as well as it look more professional and go with any outfit....just only one thing is the dial is small comparatively .....😊,the product is fabulous in working a well a it look more professional and go with any outfit . just only one thing is the dial is small comparatively . smiling face with smiling eye,,,,,,,,,,,,,,,,,,,,,,,,,,,,,,,,,,,,,,,,,,,,,,,,,,,,,,,,,,,,,,,,,,,,,,,,,,,,,,,,,-1,,,,,,,,,,,,,,,,,,,,,,,,,,,,,,,,,,,,,,,,,,,,,,,,,,,,,,,,,,,,,,,,,,,,,,,,,,,,,,,,,,,,,,,,,,,,,,,,,,,,,,,,,,,,,,,,,,,,,,,,,,,,,,,,,,,,,,,,,,,,,,,,,,,,,,,,,,,,,,,,,,,,,,,,,,,,,,,,,,,,,,,,,,,,,,,,,,,,,,,,,,,,,,,,,,,,,,,,,,,,,,,,,,,,,,,,,,,,,,,,,,,,,,,,,,,,,,,,,,,,,,,,,,,,,,,,,,,,,,,,,,,,,,,,,,,,,,,,,,,,,,,,,,,,,,,,,,,,,
"amazon.in:customer reviews: honor magic watch 2 (46mm, charcoal black) 14-days battery, spo2, bt calling &amp; music playback, 100 workout modes, amoled touch screen, personalized watch faces, sleep &amp; hr monitor, smart companion",honor,1/28/2020,"Accurate, Stylish and Functional better than Amazfit & Fitbits",5,"I received the watch on first sale itself. Came with 70% charge, charged it on 27th. That's 7days straight battery with so much usage.Inbuilt GPS is fast and accurate. Other smartwatch in this price category fails to catch gps at time which never happened here.Inbuilt speaker can be used to take calls. Not too loud but gets works done. You can put sleeping music and play it night. Quality of speaker is at par with my phone.HeartRate is fairly accurate. The thing is if you're paying 12k, a product which is designed for fitness, accuracy is a must have. Other products like Fitbit, Fossil, Amazfit lacks accuracy.About being a just a watch: Decent number of watches available in India store but you can install more from Global stores like China & UK. There are ways. Google it for Watch gt2. You will understand. I have attached some pictures of some exotic watchfaces.I am impressed with the functionality. I can read whatspp messages if they are short other it gets cut out. Sms can be read in full. One can't reply and I don't think its ok speak your messages, its just not practical.I am using it as a Alarm in the morning. You don't a phone to these things, you can set alarms in watch at different times just like on phone.LiteOS is as good as WearOS minus apps. Watch never hands or gets stuck in between functions. There are plenty of modes to check like Outdoor walking, running which i have attached pictures.Pricing could have been modest at 10k but no worries since I got the earphones free so it makes it up. Overall a great buy.","i received the watch on first sale itself . came with 70 charge , charged it on 27 th . that is 7 day straight battery with so much usage . inbuilt gps is fast and accurate . other smartwatch in this price category fails to catch gps at time which never happened here . inbuilt speaker can be used to take call . not too loud but get work done . you can put sleeping music and play it night . quality of speaker is at par with my phone . heartrate is fairly accurate . the thing is if you are paying 12 k , a product which is designed for fitness , accuracy is a must have . other product like fitbit , fossil , amazfit lack accuracy . about being a just a watch : decent number of watch available in india store but you can instagramll more from global store like china uk . there are way . google it for watch gt2 . you will understand . i have attached some picture of some exotic watchfaces . i am impressed with the functionality . i can read whatspp message if they are short other it get cut out . sm can be read in full . one canot reply and i donot think it ok speak your message , it just not practical . i am using it a a alarm in the monitoring . you donot a phone to these thing , you can set alarm in watch at different time just like on phone . liteos is a good a wearos minus apps . watch never hand or get stuck in between function . there are plenty of mode to check like outdoor walking , running which i have attached picture . pricing could have been modet at 10 k but no worry since i got the earphone free so it make it up . overall a great buy .",0,,,,,,,,0,,,,,,,,,,,,,,,,,1,,,,,,,,,,,,,,,,,,,,,,,,,,,,,,,,,,,,,,,,,,,,,,,,,,,,,,,,,,,,,,,,,,,,,,,,,,,,,,,,,,,,,,,,,,0,,,,,,,,,,,,,,,,,,,,,,1,,,,,,,,,,,,,,,,,,,,,,,,,,,,,,,,,,,0,,,,,,,,,,,,,,,,,,,,,,,,,,,,1,,,,,,,,,,,,,,,,,,,,,,,,,,,,,,,,,,,,,,,,,,,,,,,,,,,,,,,,,,,,,,,,,,,,,,,,,,,,,,,,,,,,,,,,,,,,,,,,,,,,,,,,,,,,,,,,,,0,,,,,,,,,,,,,,,,,,,,,,,,,,,,,,,,,,,,,,,,,,,,,,,,,,,,,,,,,,,,,,,,,,,,,,,,,,,,,,,,,,,
"amazon.in:customer reviews: fitbit fb507rgpk versa 2 health &amp; fitness smartwatch with heart rate, music, alexa built-in, sleep &amp; swim tracking, petal/copper rose, one size (s &amp; l bands included) (petal/copper rose)",fitbit,1/28/2020,Hope less,1,Hope lesz,hope lesz,,,,,,,,,,,,,,,,,,,,,,,,,,,,,,,,,,,,,,,,,,,,,,,,,,,,,,,,,,,,,,,,,,,,,,,,,,,,,,,,,,,,,,,,,,,,,,,,,,,,,,,,,,,,,,,,,,,,,,,,,,,,,,,,,,,,,,,,,,,,,,,,,,,,,,,,,,,,,,,,,,,,,,,,,,,,,,,,,,,,,,,,,,,,,,,,,,,,,,,,,,,,,,,,,,,,,,,,,,,,,,,,,,,,,,,,,,,,,,,,,,,,,,,,,,,,,,,,,,,,,,,,,,,,,,,,,,,,,,,,,,,,,,,,,,,,,,,,,,,,,,,,,,,,,,,,,,,,,,,,,,,,,,,,,,,,,,,,,,,,,,,,,,,,,,,,,,,,,,,,,,,,,,,,,,,,,,,,,,,,,,,,,,,,,,,,,,,,,,
"amazon.in:customer reviews: noise colorfit pro 2 full touch control smart watch with 35g weight &amp; upgraded lcd display,ip68 waterproof,heart rate monitor,sleep &amp; step tracker,call &amp; message alerts &amp; long battery life (jet black)",noise,1/28/2020,Good...value for money,4,Initial I was getting issue in syncing the watch to app....every week I had to sync or I need to install the app again and sync it,initial i wa getting issue in syncing the watch to app . every week i had to sync or i need to instagramll the app again and sync it,,,,,,,,,,,,,,,,,,,,,,,,,,,,,,,,,,,,,,,,,,,,,,,,,,,,,,,,,,,,,,,,,,,,,,,,,,,,,,,,,,,,,,,,,,,,,,,,,,,,,,,,,,,,,,,,,,,,,,,,,,,,,,,,,,,,,,,,,,,,,,,,,,,,,,,,,,,,,,,,,,,,,,,,,,,,,,,,,,,,,,,,,,,,,,,,,,,,,,,,,,,,,,,,,,,,,,,,,,,,,,,,,,,,,,,,,,,,,,,,,,,,,,,,,,,,,,,,,,,,,,,,,,,,,,,,,,,,,,,,,,,,,,,,,,,,,,,,,,,,,,,,,,,,,,,,,,,,,,,,,,,,,,,,,,,,,,,,,,,,,,,,,,,,,,,,,,,,,,,,,,,,,,,,,,,,,,,,,,,,,,,,,,,,,,,,,,,,,,
"amazon.in:customer reviews: fitbit fb507rgpk versa 2 health &amp; fitness smartwatch with heart rate, music, alexa built-in, sleep &amp; swim tracking, petal/copper rose, one size (s &amp; l bands included) (petal/copper rose)",fitbit,1/28/2020,It is a bad smart watch with lot of sync issues,1,The product is not worth the cost as it has limited applications and watch skins for free. Watch loses sync with app and no notifications are shown on watch. Complete wrong stats information on walking /running. Your hand movements are considered as steps. Car driving is also considered as steps. No accuracy of data. In short waste of 16k. mi bands and amazbips are worth more than these fancy fitbit. We should stop  calling them smartwatch,the product is not worth the cost a it ha limited application and watch skin for free . watch loses sync with app and no notification are shown on watch . complete wrong stats information on walking /running . your hand movement are considered a step . car driving is also considered a step . no accuracy of data . in short waste of 16 k . mi band and amazbloodpressures are worth more than these fancy fitbit . we should stop calling them smartwatch,,,,,,,,,,,,,,,,,,,,,,,,,,,,,,,,,,,,,,,,,,,,,,,,,,,,,,,,,,,,,,,,,,,,,,,,,,,,,-1,,,,,,,,,,,,,,,,,,,,,,,,,,,,,,,,,,,,,,,,,,,,,,,,,,,,,,,,,,,,,,,,,,,,,,,,,,,,,,,,,,,,,,,,,,,,,,,,,,,,,,,,,,,,,,,,,,,,,,,,,,,,,,,,,,,,,,,,,,,,,,,,,,,,,,,,,,,,,,,,,,,,,,,,,,,,,,,,,,,,,,,,,,,,,,,,,,,,,,,,,,,,,,,,,,,,,,,,,,,,,,,,,,,,,,,,,,,,,,,,,,,,,,,,,,,,,,,,,,,,,,,,,,,,,,,,,,,,,,,,,,,,,,,,,,,,,,,,,,,,,,,,,,,,,,,,,,,,,,,,,
"amazon.in:customer reviews: fitbit fb507rgpk versa 2 health &amp; fitness smartwatch with heart rate, music, alexa built-in, sleep &amp; swim tracking, petal/copper rose, one size (s &amp; l bands included) (petal/copper rose)",fitbit,1/28/2020,Not a reliable product..,2,My Fitbit Versa2 stopped working in less than 3 months.... not responding to any of the reviving methods described in various forums n community.... no service back up... avoid..,my fitbit versa2 stopped working in le than 3 month . not responding to any of the reviving method described in various forum n community . no service back up . avoid .,,,,,,,,,,,,,,,,,,,,,,,,,,,,,,,,,,,,,,,,,,,,,,,,,,,,,,,,,,,,,,,,,,,,,,,,,,,,,,,,,,,,,,,,,,,,,,,,,,,,,,,,,,,,,,,,,,,,,,,,,,,,,,,,,,,,,,,,,,,,,,,,,,,,,,,,,,,,,,,,,,,,,,,,,,,,,,,,,,,,,,,,,,,,,,,,,,,,,,,,,,,,,,,,,,,,,,,,,,,,,-1,,,,,,,,,,,,,,,,,,,,,,,,,,,,,,,,,,,,,,,,,,,,,,,,,,,,,,,,,,,,,,,,,,,,,,,,,,,,,,,,,,,,,,,,,,,,,,,,,,,,,,,,,,,,,,,,,,,,,,,,,,,,,,,,,,,,,,,,,,,,,,,,,,,,,,,,,,,,,,,,,,,,,,,,,,,,,,,,,
"amazon.in:customer reviews: honor magic watch 2 (46mm, charcoal black) 14-days battery, spo2, bt calling &amp; music playback, 100 workout modes, amoled touch screen, personalized watch faces, sleep &amp; hr monitor, smart companion",honor,1/28/2020,Beautiful watch and really smart,4,Good watch but just need more information and app support like Alexa good display and best part battery life I charged with one plus charger it take just 20 min for full charge. This is one day experience only going to give full review very soon,good watch but just need more information and app support like alexa good display and best part batterylife i charged with one plus charger it take just 20 min for full charge . this is one day experience only going to give full review very soon,,,,,,,,,,,,,,,,,,,,,,,,,,,,,,,,,,,,,,,,,,,,,,,,,,,,,,,,,,,,,,,,,,,,,,,,,,,,,,,,,,,,,,,,,,,,,,,,,,,,,,,,,,,,,,,,,,,,,,,,,,,,,,,,,,,,,,,,,,,,,,,,,,,,,,,,,,,,,,,,,,,,,,,,,,,,,,,,,,,,,,,,,,,,,,,,,,,,,,,,,,,,,,,,,,,,,,,,,,,,,,,,,,,,,,,,,,,,,,,,,,,,,,,,,,,,,,,,,,,,,,,,,,,,,,,,,,,,,,,,,,,,,,,,,,,,,,,,,,,,,,,,,,,,,,,,,,,,,,,,,,,,,,,,,,,,,,,,,,,,,,,,,,,,,,,,,,,,,,,,,,,,,,,,,,,,,,,,,,,,,,,,,,,,,,,,,,,,,,
"amazon.in:customer reviews: fitbit fb507rgpk versa 2 health &amp; fitness smartwatch with heart rate, music, alexa built-in, sleep &amp; swim tracking, petal/copper rose, one size (s &amp; l bands included) (petal/copper rose)",fitbit,1/29/2020,Good fitness watch with display needs improvement,5,"Fitbit versa 2 is good option for Android users, Amazon did a great job packing and delivery was good. Fitbit versa 2 compared Apple watch has a small display, big bazels...they could have increased display size.. battery back up is 5 days on normal use..it's more of fitness watch rather than smart watch. it does have some smartness features, u can read msgs...see who is calling..they could have given gps. Connecting windows desktop was tough task to transfer music..it takes multiple attempt s.. overall good fitness watch, small display, good battery life","fitbit versa 2 is good option for android user , amazon did a great jobloodpressureacking and delivery wa good . fitbit versa 2 compared apple watch ha a small display , big bazels . they could have increased displaysize . battery back up is 5 day on normal use . it is more of fitness watch rather than smartwatch . it doe have some smartness feature , you can read message . see who is calling . they could have given gps . connecting window desktop wa tough task to transfer music . it take multiple attempt s. overall good fitness watch , small display , good batterylife",,,,,,,,,,,,,,,,,,,,,,,,,,1,,,,,,,,,,,,,,,,,,,,,,,,,,,,0,,,,,,,,,,,,,,,,,,,,,,,,,,,,,,,,-1,,,,,,,,,,,,,,,,,,,,,,,,,,,,,,-1,,,,,,,,,,,,,,,,,,,,,,,,,,,,,,,,,,,,,,,,,,,,,,,,,,,,,,,,,,,,,,,,,,,,,,,,,,,,,,,,,,,,,,,,,,,,,,,,,,,,,,,,,,,,,,,,,,,-1,,,,,,,,,,,,,,,,,,,,,,,,,,,,,,,,,,,,,,,,,,,,,,,,,,,,,,,,,,,,,,,,,,,,,,,,,,,,,,,,,,,,,,,,,,,,,,,,,,,,,,,,,,,,,,,,,,,,,,,,,,,,,,,,,,,,,,,,,,,,,,,,,,,,,,,,,,,,,,,,,,,,,,,
"amazon.in:customer reviews: honor magic watch 2 (46mm, charcoal black) 14-days battery, spo2, bt calling &amp; music playback, 100 workout modes, amoled touch screen, personalized watch faces, sleep &amp; hr monitor, smart companion",honor,1/29/2020,Good for the price,5,Very accurate sleep tracking . Long battery life. Can't tell about the heart rate accuracy,very accurate sleeptracking ing . long batterylife . canot tell about the heartrateaccuracy,,,,,,,,,,,,,,,,,,,,,,,,,,,,,,1,,,,,,,,,,,,,,,,,,,,,,,,,,,,,,,,,,,,,,,,,,,,,,,,,,,,,,,,,,,,,,,,,,,,,,,,,,,,,,,,,,,,,,,,,,,,,,,,,,,,,,,,,,,,,0,,,,,,,,,,,,,,,,,,,,,,,,,,,,,,,,,,,,,,,,,,,,,,,,,,,,,,,,,,,,,,,,,,,,,,,,,,,,,,,,,,,,,,,,,,,,,,,,,,,,,,,,,1,,,,,,,,,,,,,,,,,,,,,,,,,,,,,,,,,,,,,,,,,,,,,,,,,,,,,,,,,,,,,,,,,,,,,,,,,,,,,,,,,,,,,,,,,,,,,,,,,,,,,,,,,,,,,,,,,,,,,,,,,,,,,,,,,,,,,,,,,,,,,,,,,,,,,,,,,,
"amazon.in:customer reviews: fitbit fb507rgpk versa 2 health &amp; fitness smartwatch with heart rate, music, alexa built-in, sleep &amp; swim tracking, petal/copper rose, one size (s &amp; l bands included) (petal/copper rose)",fitbit,1/29/2020,Best fitness smart watch with a great App!!!!,5,"Amazing product with a superb app I think this is the best app with any smart watch. It encourages you to move towards your goal. The watch looks good, performance is snappy, features are perfect for a fitness watch. Surely the best smart watch I have used so far. Amazon packing and delivery was spot on..satisfied!!","amazing product with a superb app i think this is the best app with any smartwatch . it encourages you to move towards your goal . the watch look good , performance is snappy , feature are perfect for a fitness watch . surely the best smartwatch i have used so far . amazon packing and delivery wa sport on . satisfied",,,,,,,,,,,,,,,,,,,,,,,,,,,,,,,,,,,,,,,,,,,,,,,,,,,,,,,,,,,,,,,,,,,,,,,,,,,,,,,,,,,,,,,,,,,,,,,,,,,,,,,,,,,,,,,,,,,,,,,,,,,,,,,,,,,,,,,,,,,,,,,,,,,,,,,,,,,,,,,,,,,,,,,,,,,,,,,,,,,,,,,,,,,,,,,,,,,,,,,,,,,,,,,,,,,,,,,,,,,,,,,,,,,,,,,,,,,,,,,,,,,,,,,,,,,,,,,,,,,,,,,,,,,,,,,,,,,,,,,,,,,,,,,,,,,,,,,,,,,,,,,,,,,,,,,,,,,,,,,,,,,,,,,,,,,,,,,,,,,,,,,,,,,,,,,,,,,,,,,,,,,,,,,,,,,,,,,,,,,,,,,,,,,,,,,,,,,,,,
"amazon.in:customer reviews: honor magic watch 2 (46mm, charcoal black) 14-days battery, spo2, bt calling &amp; music playback, 100 workout modes, amoled touch screen, personalized watch faces, sleep &amp; hr monitor, smart companion",honor,1/29/2020,Its just a updated fitness tracker,3,Its just a updated fitness tracker with some( little) watchfaces. Although they say that we can use more watch faces from watchface store; it's not true in India. You have to register for other regions and do it. The Lite Os is really light. Only certain region people have privilege to use it wisely. Sometimes i had problems in calling people from recent calls. The only good thing about the Honor magic watch 2 is its battery life.,it just a updated fitnesstracker with some little watchfaces . although they say that we can use more watch face from watchface store . it is not true in india . you have to register for other region and do it . the lite o is really light . only certain region people have privilege to use it wisely . sometimes i had problem in calling people from recent call . the only good thing about the honor magic watch 2 is it batterylife .,,,,,,,,,,,,,,,,,,,,,,,,,,,,,,1,,,,,,,,,,,,,,,,,,,,,,,,-1,,,,,,,,,,,,,,,,,,,,,,,,,,,,,,,,,,,,,,,,,,,,,,,,,,,,,,,,,,,,,,,,,,,,,,,,,,,,,,,,,,,,,,,,,,,,,,,,,,,,,,,,,,,,,,,,,,,,,,,,,,,,,,,,,,,,,,,,,,,,,,,,,,,,,,,,,,,,,,,,,,,,,,,,,,,,,,,,,,,,,,,,,,,,,,,,,,,,,,,,,,,,,,,,,,,,,,,,,,,,,,,,,,,,,,,,,,,,,,,,,,,,,,,,,,,,,,,,,,,,,,,,,,,,,,,,,,,,,,,,,,,,,,,,,,,,,,,,,,,,,,,,,,,,,,,,,,,,,,,,,,,,,,,,,,,,,,,,,,,,,,,,
"amazon.in:customer reviews: noise colorfit pro 2 full touch control smart watch with 35g weight &amp; upgraded lcd display,ip68 waterproof,heart rate monitor,sleep &amp; step tracker,call &amp; message alerts &amp; long battery life (jet black)",noise,1/29/2020,Noise Colorfit Pro 2 Full Touch Control Smart Watch,3,Product is good but after 2 days color is faded but touch quality is not good. After touch 4-5 times message is deleted. So i want to replace and get the new product in black one,product is good but after 2 day color is faded but touch quality is not good . after touch 4-5 time message is deleted . so i want to replace and get the new product in black one,,,,,,,,,,,,,,,,,,,,,,,,,,,,,,,,,,,,,,,,,,,,,,,,,,,,,,,,,,,,,,,,,,,,,,,,,,,,,,,,,,,,,,,,,,,,,,,,,,,,,,,,,,,,,,,,,,,,,,,,,,,,,,,,,,,,,,,,,,,,,,,,,,,,,,,,,,,,,,,,,,,,,,,,,,,,,,,,,,,,,,,,,,,,,,,,,,,,,,,,,,,,,,,,,,,,,,,,,,,,,,,,,,,,,,,,,,,,,,,,,,,,,,,,,,,,,,,,,,,,,,,,,,,,,,,,,,,,,,,,,,,,,,,,,,,,,,,,,,,,,,,,,,,,,,,,,,,,,,,,,,,,,,,,,,,,,,,,,,,,,,,,,,,,,,,,,,,,,,,,,,,,,,,,,,,,,,,,,,,,,,,,,,,,,,,,,,,,,,
"amazon.in:customer reviews: fitbit fb507rgpk versa 2 health &amp; fitness smartwatch with heart rate, music, alexa built-in, sleep &amp; swim tracking, petal/copper rose, one size (s &amp; l bands included) (petal/copper rose)",fitbit,1/29/2020,Cheating,1,Horrible product don't buy,horrible product donot buy,,,,,,,,,,,,,,,,,,,,,,,,,,,,,,,,,,,,,,,,,,,,,,,,,,,,,,,,,,,,,,,,,,,,,,,,,,,,,,,,,,,,,,,,,,,,,,,,,,,,,,,,,,,,,,,,,,,,,,,,,,,,,,,,,,,,,,,,,,,,,,,,,,,,,,,,,,,,,,,,,,,,,,,,,,,,,,,,,,,,,,,,,,,,,,,,,,,,,,,,,,,,,,,,,,,,,,,,,,,,,,,,,,,,,,,,,,,,,,,,,,,,,,,,,,,,,,,,,,,,,,,,,,,,,,,,,,,,,,,,,,,,,,,,,,,,,,,,,,,,,,,,,,,,,,,,,,,,,,,,,,,,,,,,,,,,,,,,,,,,,,,,,,,,,,,,,,,,,,,,,,,,,,,,,,,,,,,,,,,,,,,,,,,,,,,,,,,,,,
"amazon.in:customer reviews: fitbit fb507rgpk versa 2 health &amp; fitness smartwatch with heart rate, music, alexa built-in, sleep &amp; swim tracking, petal/copper rose, one size (s &amp; l bands included) (petal/copper rose)",fitbit,1/29/2020,Problem with App,4,Looks were good and also battery is also good but when I was using this my experience was little tuff.. I bought this because of it's notification n all but apps from phone always went something wrong which is very much disappointed... I didn't receive any call notification and also message notification so plz guys do something for app department,look were good and also battery is also good but when i wa using this my experience wa little tuff . i bought this because of it is notification n all but apps from phone always went something wrong which is very much disappointed . i didnot receive any callnotification and also messagenotification so plz guy do something for app department,,,,,,,,,,,,,,,,,,,,,,,,,,,,,,,,,,,,,,,,,,,,,,,,,,,,,,,,,,,,,,,,,,,,,,,,,,,,,,,,,,,,,,,,,,,,,,,,,,,,,,,,,,,,,,,,,,,,,,,,,,,,,,,,,,,,,,,,,,,,,,,,,,,,,,,,,,,,,,,,,,,,,,,,,,,,,,,1,,,,,,,,,,,,,,,,,,,,,,,,,,,,,,,,,,,,,,,,,,,,,,,,,,,,,,,,,,,,,,,,,,,,,,,,,,,,,,,,,,,,,,,,,,,,,,,,,,,,,,,,,,,,,,,,,,,,,,,,,,,,,,,,,,,,,,,,,,,,,,,,,,,,,,,,,,,,,,,,,,,,,,,,,,,,,,,,,,,,,,,,,,,,,,,,,,,,,,,,,,,,,,,,,,,,,,,,,,,,,,,
"amazon.in:customer reviews: fitbit fb507rgpk versa 2 health &amp; fitness smartwatch with heart rate, music, alexa built-in, sleep &amp; swim tracking, petal/copper rose, one size (s &amp; l bands included) (petal/copper rose)",fitbit,1/30/2020,Bad product,1,Watch immediately stopped working and switched off and no service center,watch immediately stopped working and switched off and no servicecenter,,,,,,,,,,,,,,,,,,,,,,,,,,,,,,,,,,,,,,,,,,,,,,,,,,,,,,,,,,,,,,,,,,,,,,,,,,,,,,,,,,,,,,,,,,,,,,,,,,,,,,,,,,,,,,,,,,,,,,,,,,,,,,,,,,,,,,,,,,,,,,,,,,,,,,,,,,,,,,,,,,,,,,,,,,,,,,,,,,,,,,,,,,,,,,,,,,,,,,,,,,,,,,,,,,,,,,,,,,,,,,-1,,,,,,,,,,,,,,,,,,,,,,,,,,,,,,,,,,,,,,,,,,,,,,,,,,,,,,,,,,,,,,,,,,,,,,,,,,,,,,,,,,,,,,,,,,,,,,,,,,,,,,,,,,,,,,,,,,,,,,,,,,,,,,,,,,,,,,,,,,,,,,,,,,,,,,,,,,,,,,,,,,,,,,,,,,,,,,,,
"amazon.in:customer reviews: honor magic watch 2 (46mm, charcoal black) 14-days battery, spo2, bt calling &amp; music playback, 100 workout modes, amoled touch screen, personalized watch faces, sleep &amp; hr monitor, smart companion",honor,1/30/2020,Good product but no Watch Faces option for One Plus 7T,3,"Honor Magic Watch 2 an good product. Thanks to Huawei.I have installed Huawei Health app on One Plus 7T Mobile and did Watch setup. All working fine. But, there is no ""Watch Faces"" option in Devices. Due to which I am unavailable add additional Watch Faces.  Huawei may please provide upgrade with fix for Huawei Health App.","honor magic watch 2 an good product . thanks to huawei . i have instagramlled huawei health app on one plus 7 t mobile and did watch setup . all working fine . but , there is no watch face option in device . due to which i am unavailable ad aditional watch face . huawei may please provide upgrade with fix for huawei health app .",,,,,,,,,,,,,,,,,,,,,,,,,,,,,,,,,,,,,,,,,,,,,,,,,,,,,,,,,,,,,,,,,,,,,,,,,,,,,,,,,,,,,,,,,,,,,,,,,,,,,,,,,,,,,,,,,,,,,,,,,,,,,,,,,,,,,,,,,,,,,,,,,,,,,,,,,,,,,,,,,,,,,,,,,,,,,,,,,,,,,,,,,,,,,,,,,,,,,,,,,,,,,,,,,,,,,,,,,,,,,,,,,,,,,,,,,,,,,,,,,,,,,,,,,,,,,,,,,,,,,,,,,,,,,,,,,,,,,,,,,,,,,,,,,,,,,,,,,,,,,,,,,,,,,,,,,,,,,,,,,,,,,,,,,,,,,,,,,,,,,,,,,,,,,,,,,,,,,,,,,,,,,,,,,,,,,,,,,,,,,,,,,,,,,,,,,,,,,,
"amazon.in:customer reviews: fitbit fb507rgpk versa 2 health &amp; fitness smartwatch with heart rate, music, alexa built-in, sleep &amp; swim tracking, petal/copper rose, one size (s &amp; l bands included) (petal/copper rose)",fitbit,1/30/2020,Awesome delivery & product quality,5,Amazon Delivery: Awesome quick and no damage delivery from Amazon. A big kudos to Amazon.Product Quality: Awesome product quality at an affordable price. A big kudos to fitbit as well.,amazon delivery : awesome quick and no damage delivery from amazon . a big kudos to amazon . product quality : awesome product quality at an affordable price . a big kudos to fitbit a well .,,,,,,,,,,,,,,,,,,,,,,,,,,,,,,,,,,,,,,,,,,,,,,,,,,,,,,,,,,,,,,,,,,,,,,,,,,,,,,,,,,,,,,,,,,,,,,,,,,,,,,,,,,,,,,,,,,,,,,,,,,,,,,,,,,,,,,,,,,,,,,,,,,,,,,,,,,,,,,,,,,,,,,,,,,,,,,,,,,,,,,,,,,,,,,,,,,,,,,,,,,,,,,,,,,,,,,,,,,,,,,,,,,,,,,,,,,,,,,,,,,,,,,,,,,,,,,,,,,,,,,,,,,,,,,,,,,,,,,,,,,,,,,,,,,,,,,,,,,,,,,,,,,,,,,,,,,,,,,,,,,,,,,,,,,,,,,,,,,,,,,,,,,,,,,,,,,,,,,,,,,,,,,,,,,,,,,,,,,,,,,,,,,,,,,,,,,,,,,
"amazon.in:customer reviews: honor magic watch 2 (46mm, charcoal black) 14-days battery, spo2, bt calling &amp; music playback, 100 workout modes, amoled touch screen, personalized watch faces, sleep &amp; hr monitor, smart companion",honor,1/30/2020,Fitness band in shape of smart watch....Watch out and buy,2,"Writing this review after 2 days of useage:Overall - A quality fit bit band in the form of smart watch .For show case purpose one can buy this smart watch and not for reality smart watch use case.Pros:Good solid design , good quality strap and dial , AMOLED display is fantastic , step accuracy is spot on ,Heart rate monitor is spot on and sleep monitor is greatCons:1. It is said to be a smart watch .. but in reality it is not2. Huawei health is not fully functional in OnePlus mobiles .Can't change watch fases3. Notification is just kept for name sake and for sure you can't find it useful .ex email notification just pops up with first few words of subject line and doesn't tell you the sender most of the time ,what's app grp messages notifications jus reads first few words of content and doesnt tell you who in grp is message , other notification (fb,insta,etc) will be utter useless for sure u need to see mobile what those notification means4 calling function is ok and we shouldn't expect too much in this price range5 .rise your hand to display is not sharp ..way below expectationsAnd much more small software bugs ......","writing this review after 2 day of useage : overall - a quality fit bit band in the form of smartwatch . for show case purpose one can buy this smartwatch and not for reality smartwatch use case . pro : good solid design , good quality strap and dial , amoled display is fantastic , step accuracy is sport on , heartratemonitor is sport on and sleep monitor is greatcons:1. it is said to be a smartwatch . but in reality it is not2 . huawei health is not fully functional in oneplus mobile . canot chang watch fases3 . notification is just kept for name sake and for sure you canot find it useful . ex emailnotification just pop up with first few word of subject line and doesnot tell you the sender most of the time , what is app grp message notification jus read first few word of content and doe not tell you who in grp is message , other notification fb , instagram , etc will be utter useless for sure you need to see mobile what those notification means4 callingfunction is ok and we shouldnot expect too much in this price range5 . rise your hand to display is not sharp . way below expectationsand much more small software bug .",,,,,,,,,,,,,,,,,,,,,,,,,,,,,,,,,,,,,,,,,,,,,,,,,,,,,,,,,,,,,,,,,,,,,,,,,,,,,,,,,,,,,,-1,,,,,,,,,,,,,,,,,,,,,,,,,,,,,,,,,,,,,,,,,,,,,,,,,,,,,,,,,,,,,,,,,,,,,,,,,,,,,,,,,,,,,,,,,-1,,,,,,,,,,,,,,,,,,,,,,,,,,,,,,,,,,,,,,,,,,,,,,,,,,,,,,,,,,,,,,,,,,,,,,,,,,,,,-1,,,,,,,,,,,,,,,,,,,,,,,,,,,,,,,,,,,,,,,,,,,,,,,,,,,,,,,,,,,,,,,,,,,,,,,,,,,,,,,,,,,,,,,,,,,,,,,,,,,,,,,,,,,,,,,,,,,,,,,,,,,,,,,,,,,,,,,,,,,,,,,,,,
"amazon.in:customer reviews: honor magic watch 2 (46mm, charcoal black) 14-days battery, spo2, bt calling &amp; music playback, 100 workout modes, amoled touch screen, personalized watch faces, sleep &amp; hr monitor, smart companion",honor,1/31/2020,Magician ??? No !!! Accurate Data Recording - Magical !!!,5,"So Far So Good !!!I will share the long term review, in a few days.My initial thoughts, impressions & usage, the watch is absolutely worth it !!!","so far so good i will share the long term review , in a few day . my initial thought , impression usage , the watch is absolutely worth it",,,,,,,,,,,,,,,,,,,,,,,,,,,,,,,,,,,,,,,,,,,,,,,,,,,,,,,,,,,,,,,,,,,,,,,,,,,,,,,,,,,,,,,,,,,,,,,,,,,,,,,,,,,,,,,,,,,,,,,,,,,,,,,,,,,,,,,,,,,,,,,,,,,,,,,,,,,,,,,,,,,,,,,,,,,,,,,,,,,,,,,,,,,,,,,,,,,,,,,,,,,,,,,,,,,,,,,,,,,,,,,,,,,,,,,,,,,,,,,,,,,,,,,,,,,,,,,,,,,,,,,,,,,,,,,,,,,,,,,,,,,,,,,,,,,,,,,,,,,,,,,,,,,,,,,,,,,,,,,,,,,,,,,,,,,,,,,,,,,,,,,,,,,,,,,,,,,,,,,,,,,,,,,,,,,,,,,,,,,,,,,,,,,,,,,,,,,,,,
"amazon.in:customer reviews: fitbit fb507rgpk versa 2 health &amp; fitness smartwatch with heart rate, music, alexa built-in, sleep &amp; swim tracking, petal/copper rose, one size (s &amp; l bands included) (petal/copper rose)",fitbit,02-01-2020,Inaccurate!!,3,The device is good looking and well fitting ... But is not accurate at all.. when I woke up from bed and walk 10 steps it was showing 100 steps... So the accuracy is really questioned and u can't count it all the time ...The purpose was for fitness and activity tracking which is not fulfilled at all... So returned after 7 days,the device is good looking and well fitting . but is not accurate at all . when i woke up from bed and walk 10 step it wa showing 100 step . so the accuracy is really questioned and you canot count it all the time . the purpose wa for fitness and activitytracking which is not fulfilled at all . so returned after 7 day,-1,,,,,,,,,,,,,,,,,,,,,,,,,,,,,,,,,,,,,,,,,,,,,,,,,,,,,,,,,,,,,,,,,,,,,,,,,,,,,,,,,,,,,,,,,,,,,,,,,,,,,,,,,,,,,,,,,,,,,,,,,,,,,,,,,,,,,,,,,,,,,,,,,,,,,,,,,,,,,,,,,,,,,,,,,,,,,,,,,,,,,,,,,,,,,,,,,,,,,,,,,,,,,,,,,,,,,,,,,,,,,,,,,,,,,,,,,,,,,,,,,,,,,,,,,,,,,,,,,,,,,,,,,,,,,,,,,,,,,,,,,,,,,,,,,,,,,,,,,,,,,,,,,,,,,,,,,,,,,,,,,,,,,,,,,,,,,,,,,,,,,,,,,,,,,,,,,,,,,,,,,,,,,,,,,,,,,,,,,,,,,,,,,,,,,,,,,,,,,
"amazon.in:customer reviews: fitbit fb507rgpk versa 2 health &amp; fitness smartwatch with heart rate, music, alexa built-in, sleep &amp; swim tracking, petal/copper rose, one size (s &amp; l bands included) (petal/copper rose)",fitbit,02-01-2020,Perfect,5,Its perfect :),it perfect :,,,,,,,,,,,,,,,,,,,,,,,,,,,,,,,,,,,,,,,,,,,,,,,,,,,,,,,,,,,,,,,,,,,,,,,,,,,,,,,,,,,,,,,,,,,,,,,,,,,,,,,,,,,,,,,,,,,,,,,,,,,,,,,,,,,,,,,,,,,,,,,,,,,,,,,,,,,,,,,,,,,,,,,,,,,,,,,,,,,,,,,,,,,,,,,,,,,,,,,,,,,,,,,,,,,,,,,,,,,,,,,,,,,,,,,,,,,,,,,,,,,,,,,,,,,,,,,,,,,,,,,,,,,,,,,,,,,,,,,,,,,,,,,,,,,,,,,,,,,,,,,,,,,,,,,,,,,,,,,,,,,,,,,,,,,,,,,,,,,,,,,,,,,,,,,,,,,,,,,,,,,,,,,,,,,,,,,,,,,,,,,,,,,,,,,,,,,,,,
"amazon.in:customer reviews: noise colorfit pro 2 full touch control smart watch with 35g weight &amp; upgraded lcd display,ip68 waterproof,heart rate monitor,sleep &amp; step tracker,call &amp; message alerts &amp; long battery life (jet black)",noise,02-01-2020,"Must go watch..... Light on pocket, high on looks and great on performance.",4,Amazing product for a beginner as it does almost everything that an expensive smart watch would with being pocket friendly. It's really a great watch ...apart from being accurate and awesome battery life.... It also looks great. People actually come n ask about it because looks great n pricier than it is.,amazing product for a beginner a it doe almost everything that an expensive smartwatch would with being pocket friendly . it is really a great watch . apart from being accurate and awesome batterylife . it also look great . people actually come n ask about it because look great n pricier than it is .,,,,,,,,,,,,,,,,,,,,,,,,,,,,,,1,,,,,,,,,,,,,,,,,,,,,,,,,,,,,,,,,,,,,,,,,,,,,,,,,,,,,,,,,,,,,,,,,,,,,,,,,,,,,,,,,,,,,,,,,,,,,,,,,,,,,,,,,,,,,,,,,,,,,,,,,,,,,,,,,,,,,,,,,,,,,,,,,,,,,,,,,,,,,,,,,,,,,,,,,,,,,,,,,,,,,,,,,,,,,,,,,,,,,,,,,,,,,,,,,,,,,,,,,,,,,,,,,,,,,,,,,,,,,,,,,,,,,,,,,,,,,,,,,,,,,,,,,,,,,,,,,,,,,,,,,,,,,,,,,,,,,,,,,,,,,,,,,,,,,,,,,,,,,,,,,,,,,,,,,,,,,,,,,,,,,,,,,,,,,,,,,,,,,,,,,,,,,,,,
"amazon.in:customer reviews: fitbit fb507rgpk versa 2 health &amp; fitness smartwatch with heart rate, music, alexa built-in, sleep &amp; swim tracking, petal/copper rose, one size (s &amp; l bands included) (petal/copper rose)",fitbit,02-01-2020,Great smartwatch,5,Looks great. Has all the health tracking available. Solid build quality.,look great . ha all the healthtracking available . solid buildquality .,,,,,,,,,,,,,,,,,,,,,,,,,,,,,,,,,,,,,,,,,,,,,,,,,,,,,,,,,,,,,,,,,,,,,,,,,,,,,,,,,,,,,,,,,,,,,,,,,,,,,,,,,,,,,,,,,,,,,,,,,,,,,,,,,,,,,,,,,,,,,,,,,,,,,,,,,,,,,,,,,,,,,,,,,,,,,,,,,,,,,,,,,,,,,,,,,,,,,,,,,1,,,,,,,,,,,,,,,,,,,,,,,,,,,,,,,,,,,,,,,,,,,,,,,,,,,,,,,,,,,,,,,,,,,,,,,,,,,,,,,,,,,,,,,,,,,,,,,,,,,,,,,,,,,,1,,,,,,,,,,,,,,,,,,,,,,,,,,,,,,,,,,,,,,,,,,,,,,,,,,,,,,,,,,,,,,,,,,,,,,,,,,,,,,,,,,,,,,,,,
"amazon.in:customer reviews: honor magic watch 2 (46mm, charcoal black) 14-days battery, spo2, bt calling &amp; music playback, 100 workout modes, amoled touch screen, personalized watch faces, sleep &amp; hr monitor, smart companion",honor,02-02-2020,CAN NOT ADD WATCH FACES AND CONTACTS etc,3,"Can not add more watch faces and also contacts. I am using One Plus 6T and I am unable to add watch faces and contacts. In fact other adding songs The Health app is not showing any other option. This is not correct. If there is a problem with the software it should be updated/corrected immediately. If one can compromise with lesser features compared to what was written by the Huawei, then the phone is good.","can not ad more watch face and also contact . i am using one plus 6 t and i am unable to ad watch face and contact . in fact other ading song the health app is not showing any other option . this is not correct . if there is a problem with the software it should be updated/corrected immediately . if one can compromise with lesser feature compared to what wa written by the huawei , then the phone is good .",,,,,,,,,,,,,,,,,,,,,,,,,,,,,,,,,,,,,,,,,,,,,,,,,,,,,,,,,,,,,,,,,,,,,,,,,,,,,,,,,,,,,,,,,,,,,,,,,,,,,,,,,,,,,,,,,,,,,,,,,,,,,,,,,,,,,,,,,,,,,,,,,,,,,,,,,,,,,,,,,,,,,,,,,,,,,,,,,,,,,,,,,,,,,,,,,,,,,,,,,,,,,,,,,,,,,,,,,,,,,,,,,,,,,,,,,,,,,,,,,,,,,,,,,,,,-1,,,,,,,,,,,,,,,,,,,,,,,,,,,,,,,,,,,,,,,,,,,,,,,,,,,,,,,,,,,,,,,,,,,,,,,,,,,,,,,,,,,,,,,,,,,,,,,,,,,,,,,,,,,,,,,,,,,,,,,,,,,,,,,,,,,,,,,,,,,,,,,,,,
"amazon.in:customer reviews: noise colorfit pro 2 full touch control smart watch with 35g weight &amp; upgraded lcd display,ip68 waterproof,heart rate monitor,sleep &amp; step tracker,call &amp; message alerts &amp; long battery life (jet black)",noise,02-02-2020,Not value for money,3,"Product is good but there is certain problem like slow UI, limited watch faces. the only thing i love is that its look good. But i would definitely say that its not value for money product. U can buy it but first  look for another option.","product is good but there is certain problem like slow ui , limited watch face . the only thing i love is that it look good . but i would definitely say that it not value for money product . you can buy it but first look for another option .",,,,,,,,,,,,,,,,,,,,,,,,,,,,,,,,,,,,,,,,,,,,,,,,,,,,,,,,,,,,,,,,,,,,,,,,,,,,,,,,,,,,,,,,,,,,,,,,,,,,,,,,,,,,,,,,,,,,,,,,,,,,,,,,,,,,,,,,,,,,,,,,,,,,,,,,,,,,,,,,,,,,,,,,,,,,,,,,,,,,,,,,,,,,,,,,,,,,,,,,,,,,,,,,,,,,,,,,,,,,,,,,,,,,,,,,,,,,,,,,,,,,,,,,,,,,,,,,,,,,,,,,,,,,,,,,,,,,,,,,,,,,,,,,,,,,,,,,,,,,,,,,,,,,,,,,,,,,,,,,,,,,,,,,,,,,,,,,,,,,,,,,,,,,,,,,,,,,,,,,,,,,,,,,,,,,,,,,,,,,,,,,,,,,,,,,,,,,,,
"amazon.in:customer reviews: honor magic watch 2 (46mm, charcoal black) 14-days battery, spo2, bt calling &amp; music playback, 100 workout modes, amoled touch screen, personalized watch faces, sleep &amp; hr monitor, smart companion",honor,02-02-2020,Magicwand,5,The watch was great with all features.i found it smooth while using.worth every penny just go for it.,the watch wa great with all feature . i found it smooth while using . worth every penny just go for it .,,,,,,,,,,,,,,,,,,,,,,,,,,,,,,,,,,,,,,,,,,,,,,,,,,,,,,,,,,,,,,,,,,,,,,,,,,,,,,,,,,,,,,,,,,,,,,,,,,,,,,,,,,,,,,,,,,,,,,,,,,,,,,,,,,,,,,,,,,,,,,,,,,,,,,,,,,,,,,,,,,,,,,,,,,,,,,,,,,,,,,,,,,,,,,,,,,,,,,,,,,,,,,,,,,,,,,,,,,,,,,,,,,,,,,,,,,,,,,,,,,,,,,,,,,,,,,,,,,,,,,,,,,,,,,,,,,,,,,,,,,,,,,,,,,,,,,,,,,,,,,,,,,,,,,,,,,,,,,,,,,,,,,,,,,,,,,,,,,,,,,,,,,,,,,,,,,,,,,,,,,,,,,,,,,,,,,,,,,,,,,,,,,,,,,,,,,,,,,
"amazon.in:customer reviews: honor magic watch 2 (46mm, charcoal black) 14-days battery, spo2, bt calling &amp; music playback, 100 workout modes, amoled touch screen, personalized watch faces, sleep &amp; hr monitor, smart companion",honor,02-04-2020,absolute steal for the price,5,best you can get for the price,best you can get for the price,,,,,,,,,,,,,,,,,,,,,,,,,,,,,,,,,,,,,,,,,,,,,,,,,,,,,,,,,,,,,,,,,,,,,,,,,,,,,,,,,,,,,,,,,,,,,,,,,,,,,,,,,,,,,,,,,,,,,,,,,,,,,,,,,,,,,,,,,,,,,,,,,,,,,,,,,,,,,,,,,,,,,,,,,,,,,,,,,,,,,,,,,,,,,,,,,,,,,,,,,,,,,,,,,,,,,,,,,,,,,,,,,,,,,,,,,,,,,,,,,,,,,,,,,,,,,,,,,,,,,,,,,,,,,,,,,,,,,,,,,,,,,,,,,,,,,,,,,,,,,,,,,,,,,,,,,,,,,,,,,,,,,,,,,,,,,,,,,,,,,,,,,,,,,,,,,,,,,,,,,,,,,,,,,,,,,,,,,,,,,,,,,,,,,,,,,,,,,,
"amazon.in:customer reviews: honor magic watch 2 (46mm, charcoal black) 14-days battery, spo2, bt calling &amp; music playback, 100 workout modes, amoled touch screen, personalized watch faces, sleep &amp; hr monitor, smart companion",honor,02-04-2020,Using with iPhone 8plus,4,"Im purchase honor magic watch 2 overall watch was awesome but the in huwai health app not show watch face changing options. Now im acess only watch inbuilt. In iOS device health app some future not working like stress ,watch faces ,music, gps . Better to upadate health app support iOS device.","i am purchase honor magic watch 2 overall watch wa awesome but the in huwai health app not show watch face changing option . now i am ace only watch inbuilt . in io device health app some future not working like stress , watch face , music , gps . better to upadate health app support io device .",,,,,,,,,,,,,,,,,,,,,,,,,,,,,,,,,,,,,,,,,,,,,,,,,,,,,,,,,,,,,,,,,,,,,,,,,,,,,,,,,,,,,,,,,,,,,,,,,,,,,,,,,,,,,,,,,,,,-1,,,,,,,,,,,,,,,,,,,,,,,,,,,,,,,,,,,,,,,,,,,,,,,,,,,,,,,,,,,,,,,,,,,,,,,,,,,,,,,,,,,,,,,,,,,,,,,,,,,,,,,,,,,,,,,,,,,,,,,,,,,,,,,,,,,,,,,,,,,,,,,,,,,,,,,,,,,,,,,,,,,,,,,,,,,,,,,,,,,,,,,,,,,,,,,,,,,,,,,-1,,,,,,,,,,,,,,,,,,,,,,,,,,,,,,,,,,,,,,,,,,,,,,,,,,,,,,,,,,,,,,,,,,,,,,,,,,,,,,,,,,,
"amazon.in:customer reviews: honor magic watch 2 (46mm, charcoal black) 14-days battery, spo2, bt calling &amp; music playback, 100 workout modes, amoled touch screen, personalized watch faces, sleep &amp; hr monitor, smart companion",honor,02-05-2020,Best smartwatch you can get at this price,4,Overall nice watch the battery life of the watch is not that great,overall nice watch the batterylife of the watch is not that great,,,,,,,,,,,,,,,,,,,,,,,,,,,,,,-1,,,,,,,,,,,,,,,,,,,,,,,,,,,,,,,,,,,,,,,,,,,,,,,,,,,,,,,,,,,,,,,,,,,,,,,,,,,,,,,,,,,,,,,,,,,,,,,,,,,,,,,,,,,,,,,,,,,,,,,,,,,,,,,,,,,,,,,,,,,,,,,,,,,,,,,,,,,,,,,,,,,,,,,,,,,,,,,,,,,,,,,,,,,,,,,,,,,,,,,,,,,,,,,,,,,,,,,,,,,,,,,,,,,,,,,,,,,,,,,,,,,,,,,,,,,,,,,,,,,,,,,,,,,,,,,,,,,,,,,,,,,,,,,,,,,,,,,,,,,,,,,,,,,,,,,,,,,,,,,,,,,,,,,,,,,,,,,,,,,,,,,,,,,,,,,,,,,,,,,,,,,,,,,,
"amazon.in:customer reviews: honor magic watch 2 (46mm, charcoal black) 14-days battery, spo2, bt calling &amp; music playback, 100 workout modes, amoled touch screen, personalized watch faces, sleep &amp; hr monitor, smart companion",honor,02-05-2020,Best watch for the price tag,5,Best watch you can find in the category and functions are all which you can use I mostly use for fitness and call. Calling sound i really good espically when your driving in Bluetooth connection is very strong,best watch you can find in the category and function are all which you can use i mostly use for fitness and call . calling sound i really good espically when your driving in bluetoothconnection is very strong,,,,,,,,,,,,,,,,,,,,,,,,,,,,,,,,,,,,,,,,,,,,,,,,,,,,,,,,,,,,,,,,,,,,,,,,,,,,,,,,,,,,,,,,,,,,,,,,,,,,,,,,,,,,,,,,,,,,,,,,,,,,,,,,,,,,,,,,,,,,,,,,,,,,,,,,,,,,,,,,,,,,,,,,,,,,,,,,,,,,,,,,,,,,,,,,,,,,,,,,,,,,,,,,,,,,,,,,,,,,,,,,,,,,,,,,,,,,,,,,,,,,,,,,,,,,,,,1,,,,,,,,,,,,,,,,,,,,,,,,,,,,,,,,,,,,,,,,,,,,,,,,,,,,,,,,,,,,,,,,,,,,,,,,,,,,,,,,,,,,,,,,,,,,,,,,,,,,,,,,,,,,,,,,,,,,,,,,,,,,,,,,,,,,,,,,,,,,,,,
"amazon.in:customer reviews: fitbit fb507rgpk versa 2 health &amp; fitness smartwatch with heart rate, music, alexa built-in, sleep &amp; swim tracking, petal/copper rose, one size (s &amp; l bands included) (petal/copper rose)",fitbit,02-05-2020,Not satisfied,4,There is a synchronisation issue with one plus mobile. Not aware why problem keeps repeating,there is a synchronisation issue with one plus mobile . not aware why problem keep repeating,,,,,,,,,,,,,,,,,,,,,,,,,,,,,,,,,,,,,,,,,,,,,,,,,,,,,,,,,,,,,,,,,,,,,,,,,,,,,,,,,,,,,,,,,,,,,,,,,,,,,,,,,,,,,,,,,,,,,,,,,,,,,,,,,,,,,,,,,,,,,,,,,,,,,,,,,,,,,,,,,,,,,,,,,,,,,,,,,,,,,,,,,,,,,,,,,,,,,,,,,,,,,,,,,,,,,,,,,,,,,,,,,,,,,,,,,,,,,,,,,,,,,,,,,,,,,,,,,,,,,,,,,,,,,,,,,,,,,,,,,,,,,,,,,,,,,,,,,,,,,,,,,,,,,,,,,,,,,,,,,,,,,,,,,,,,,,,,,,,,,,,,,,,,,,,,,,,,,,,,,,,,,,,,,,,,,,,,,,,,,,,,,,,,,,,,,,,,,,
"amazon.in:customer reviews: noise colorfit pro 2 full touch control smart watch with 35g weight &amp; upgraded lcd display,ip68 waterproof,heart rate monitor,sleep &amp; step tracker,call &amp; message alerts &amp; long battery life (jet black)",noise,02-05-2020,A genuine review after 2.5 months of use.,3,Looks - 5/5Touch - 3/5Battery - 5/5Notifications - 3/5Overall a nice product in this price bar. But yes needs a lot of improvement. Also watch faces are less and unattractive.,look - 5/5 touch - 3/5 battery - 5/5 notification - 3/5 overall a nice product in this price bar . but yes need a lot of improvement . also watch face are le and unattractive .,,,,,,,,,,,,,,,,,,,,,,,,,,,,,,,,,,,,,,,,,,,,,,,,,,,,,,,,,,,,,,,,,,,,,,,,,,,,,,,,,,,,,,,,,,,,,,,,,,,,,,,,,,,,,,,,,,,,,,,,,,,,,,,,,,,,,,,,,,,,,,,,,,,,,,,,,,,,,,,,,,,,,,,,,,,,,,,,,,,,,,,,,,,,,,,,,,,,,,,,,,,,,,,,,,,,,,,,,,,,,,,,,,,,,,,,,,,,,,,,,,,,,,,,,,,,,,,,,,,,,,,,,,,,,,,,,,,,,,,,,,,,,,,,,,,,,,,,,,,,,,,,,,,,,,,,,,,,,,,,,,,,,,,,,,,,,,,,,,,,,,,,,,,,,,,,,,,,,,,,,,,,,,,,,,,,,,,,,,,,,,,,,,,,,,,,,,,,,,
"amazon.in:customer reviews: honor magic watch 2 (46mm, charcoal black) 14-days battery, spo2, bt calling &amp; music playback, 100 workout modes, amoled touch screen, personalized watch faces, sleep &amp; hr monitor, smart companion",honor,02-06-2020,Worst product.  Returned it,1,This product is useless .. If you awake also.. It is telling that sleeping and dreaming.. Unable to blutooth headphone. Steps count is not accurate..I have returned the watch.. Waiting for mi watch.,this product is useless . if you awake also . it is telling that sleeping and dreaming . unable to bluetooth headphone . step count is not accurate . i have returned the watch . waiting for mi watch .,,,,,,,,,,,,,,,,,,,,,,,,,,,,,,,,,,,,,,-1,,,,,,,,,,,,,,,,,,,,,,,,,,,,,,,,,,,,,,,,,,,,,,,,,,,,,,,,,,,,,,,,,,,,,,,,,,,,,,,,,,,,,,,,,,,,,,,,,,,,,,,,,,,,,,,,,,,,,,,,,,,,,,,,,,,,,,,,,,,,,,,,,,,,,,,,,,,,,,,,,,,,,,,,,,,,,,,,,,,,,,,,,,,,,,,,,,,,,,,,,,,,,,,,,,,,,,,,,,,,,,,,,,,,,,,,,,,,,,,,,,,,,,,,,,,,,,,,,,,,,,,,,,,,,,,,,,,,,,,,,,,,,,,,,,,,,,,,,,,,,,,,,,,,,,,,,,,,,,,,,,,,,,,,,,,,,,,,,,,,,,,,,,,,,,,,,,,,,,,,
"amazon.in:customer reviews: honor magic watch 2 (46mm, charcoal black) 14-days battery, spo2, bt calling &amp; music playback, 100 workout modes, amoled touch screen, personalized watch faces, sleep &amp; hr monitor, smart companion",honor,02-06-2020,"much better than big brands at this price range, value for money!!",5,"One word. Awesome!!! Does exactly what it says. Steps tracking is pretty accurate. It also measures heart rate and ""stress"" which i found it something unique. Speakers is okay but the mic is clear and incredible. Full marks on the built quality. Overall a superb Smartchwatch. Thank you honor :)",one word . awesome doe exactly what it say . step tracking is pretty accurate . it also measure heartrate and stress which i found it something unique . speaker is okay but the mic is clear and incredible . full mark on the built quality . overall a superb smartchwatch . thank you honor :,,,,,,,,,,,,,,,,,,,,,,,,,,,,,,,,,,,,,,,,,,,,,,,,,,,,,,,,,,,,,,,,,,,,,,,,,,,,,,,,,,,,,,,,,,,,,,,,,,,,,,,,,,,,,,,,,,,,,,,,,,,,,,,,,,,,,,,,,,,,,,,,,,,,,,,,,,,,,,,,,,,,,,,,,,,,,,,,,,,,,,,,,,,,,,,,,,,,,,,,,-1,,,,,,,,,,,,,,,,,,,,,,,,,,,,,,,,,,,,,,,,,,,,,,,,,,,,,,,,,,,,,,,,,,,,,,,,,,,,,0,,,,,,,,,,,,,,,,,,,,,,,,,,,,,,,1,,,,,,,,,,,,,,,,,,,,,,,,,,,,,,,,,,,,,,,,,,,,,,,,,,,,,,,,,,,,,,,,,,,,,,,,,,,,,,,,,,,,,,,,,
"amazon.in:customer reviews: honor magic watch 2 (46mm, charcoal black) 14-days battery, spo2, bt calling &amp; music playback, 100 workout modes, amoled touch screen, personalized watch faces, sleep &amp; hr monitor, smart companion",honor,02-06-2020,Good product,4,Price is high compared to competition. Good customisations watch faces. Display & battery life is awesomeMessage replying is not possible,price is high compared to competition . good customisation watch face . display batterylife is awesomemessage replying is not possible,,,,,,,,,,,,,,,,,,,,,,,,,,,,,,,,,,,,,,,,,,,,,,,,,,,,,,,,,,,,,,,,,,,,,,,,,,,,,,,,,,,,,,1,,,,,,,,,,,,,,,,,,,,,,,,,,,,,,,,,,,,,,,,,,,,,,,,,,,,,,,,,,,,,,,,,,,,,,,,,,,,,,,,,,,,,,,,,,,,,,,,,,,,,,,,,,,,,,,,,,,,,,,,,,,,,,,,,,,,,,,,,,,,,,,,,,,,,,,,,,,,,,,,,,,,,,,,,,,,,,,,,,,,,,,,,,,,,,,,,,,,,,,,,,,,,,,,,,,,,,,,,,,,,,,,,,,,,,,,,,,,,,,,,,,,,,,,,,,,,,,,,,,,,,,,,,,,,,,,,,,,,,,,,,,,,,,,,,,,,,,,,,,,,,,,,,,,,,,,
"amazon.in:customer reviews: honor magic watch 2 (46mm, charcoal black) 14-days battery, spo2, bt calling &amp; music playback, 100 workout modes, amoled touch screen, personalized watch faces, sleep &amp; hr monitor, smart companion",honor,02-07-2020,Excellent Watch,5,Working perfectly fine with One plus 7.... Just download Huawie Mobile Services 4.0.0.334 from google.(not from play store).Charging speed is also excellent...approx 17% charge in 15 mins using one plus adapter.,working perfectly fine with one plus 7. just download huawie mobile service 4 . 0 . 334 from goodle . not from play store . charging speed is also excellent . approx 17 charge in 15 min using one plus adapter .,,,,,,,,,,,,,,,,,,,,,,,,,,,,,,,,,,,,,,,,,,,,,,,,,,,,,,,,,,,,,,,,,,,,,,,,,,,,,,,,,,,,,,,,,,,,,,,,,,,,,,,,,,,,,,,,,,,,,,,,,,,,,,,,,,,,,,,,,,,,,,,,,,,,,,,,,,,,,,,,,,,,,,,,,,,,,,,,,,,,,,,,,,,,,,,,,,,,,,,,,,,,,,,,,,,,,,,,,,,,,,,,,,,,,,,,,,,,,,,,,,,,,,,,,,,,,,,,,,,,,,,,,,,,,,,,,,,,,,,,,,,,,,,,,,,,,,,,,,,,,,,,,,,,,,,,,,,,,,,,,,,,,,,,,,,,,,,,,,,,,,,,,,,,,,,,,,,,,,,,,,,,,,,,,,,,,,,,,,,,,,,,,,,,,,,,,,,,,,
"amazon.in:customer reviews: noise colorfit pro 2 full touch control smart watch with 35g weight &amp; upgraded lcd display,ip68 waterproof,heart rate monitor,sleep &amp; step tracker,call &amp; message alerts &amp; long battery life (jet black)",noise,02-07-2020,Worthy product,4,The think which I not liked about the product is its connectivity some times it disconnects automatically from mobile and one more thing to be rectify is the steps counts which are not accurate.,the think which i not liked about the product is it connectivity some time it disconnect automatically from mobile and one more thing to be rectify is the step count which are not accurate .,,,,,,,,,,,,,,,,,,,,,,,,,,,,,,,,,,,,,,,,,,,,,,,,,,,,,,,,,,,,,,,,,,,-1,,,,,,,,,,,,,,,,,,,,,,,,,,,,,,,,,,,,,,,,,,,,,,,,,,,,,,,,,,,,,,,,,,,,,,,,,,,,,,,,,,,,,,,,,,,,,,,,,,,,,,,,,,,,,,,,,,,,,,,,,,,,,,,,,,,,,,,,,,,,,,,,,,,,,,,,,,,,,,,,,,,,,,,,,,,,,,,,,,,,,,,,,,,,,,,,,,,,,,,,,,,,,,,,,,,,,,,,,,,,,,,,,,,,,,,,,,,,,,,,,,,,,,,,,,,,,,,,,,,,,,,,,,,,,,,,,,,,,,,,,,,,,,,,,,,,,,,,,,,,,,,,,,,,,,,,,,,,,,,,,,,,,,,,,,,
"amazon.in:customer reviews: honor magic watch 2 (46mm, charcoal black) 14-days battery, spo2, bt calling &amp; music playback, 100 workout modes, amoled touch screen, personalized watch faces, sleep &amp; hr monitor, smart companion",honor,02-07-2020,Don't buy if you need customisation.,1,No watch faces to download. No customization. Only 12 or 15 watch faces. What's the point for spending such money for this. Hate Huawei Honor brand.,no watch face to download . no customization . only 12 or 15 watch face . what is the point for spending such money for this . hate huawei honor brand .,,,,,,,,,,,,,,,,,,,,,,,,,,,,,,,,,,,,,,,,,,,,,,,,,,,,,,,,,,,,,,,,,,,,,,,,,,,-1,,,,,,,,,,,,,,,,,,,,,,,,,,,,,,,,,,,,,,,,,,,,,,,,,,,,,,,,,,,,,,,,,,,,,,,,,,,,,,,,,,,,,,,,,,,,,-1,,,,,,,,,,,,,,,,,,,,,,,,,,,,,,,,,,,,,,,,,,,,,,,,,,,,,,,,,,,,,,,,,,,,,,,,,,,,,,,,,,,,,,,,,,,,,,,,,,,,,,,,,,,,,,,,,,,,,,,,,,,,,,,,,,,,,,,,,,,,,,,,,,,,,,,,,,,,,,,,,,,,,,,,,,,,,,,,,,,,,,,,,,,,,,,,,,,,,,,,,,,,,,,,,,,,,,,,,,,,,,,,,,,,,,
"amazon.in:customer reviews: fitbit fb507rgpk versa 2 health &amp; fitness smartwatch with heart rate, music, alexa built-in, sleep &amp; swim tracking, petal/copper rose, one size (s &amp; l bands included) (petal/copper rose)",fitbit,02-08-2020,product is good but get it from an authentic retailer,4,"received the product without seal,how to assure authenticity pof product in duch cases. had yo return it.","received the product without seal , how to assure authenticity pof product in duch case . had yo return it .",,,,,,,,,,,,,,,,,,,,,,,,,,,,,,,,,,,,,,,,,,,,,,,,,,,,,,,,,,,,,,,,,,,,,,,,,,,,,,,,,,,,,,,,,,,,,,,,,,,,,,,,,,,,,,,,,,,,,,,,,,,,,,,,,,,,,,,,,,,,,,,,,,,,,,,,,,,,,,,,,,,,,,,,,,,,,,,,,,,,,,,,,,,,,,,,,,,,,,,,,,,,,,,,,,,,,,,,,,,,,,,,,,,,,,,,,,,,,,,,,,,,,,,,,,,,,,,,,,,,,,,,,,,,,,,,,,,,,,,,,,,,,,,,,,,,,,,,,,,,,,,,,,,,,,,,,,,,,,,,,,,,,,,,,,,,,,,,,,,,,,,,,,,,,,,,,,,,,,,,,,,,,,,,,,,,,,,,,,,,,,,,,,,,,,,,,,,,,,
"amazon.in:customer reviews: noise colorfit pro 2 full touch control smart watch with 35g weight &amp; upgraded lcd display,ip68 waterproof,heart rate monitor,sleep &amp; step tracker,call &amp; message alerts &amp; long battery life (jet black)",noise,02-08-2020,I like the watch in such a reasonable price.,4,"There may be a few pros and cons which I had noticed, that need to consider along with this product described below.Pros:1) Reasonable in price.2) It comes up with all the base features and sports modes.3) You can check messages and abort the call easily from the watch.4) The battery is very impressive. It works for a whole week with a single charge.Cons:1) The UI touch lags much time, I tried to tap but doesn't respond well2) The wrist detection not so accurate. It happens so may time that I pull my wrist to watch the time, but it didn't work.3) Lesser watch faces availableThis watch can satisfy your needs if you are not a hardcore sporty person like me. That's why I wrote at the headline, i.e., ""I like the watch"".","there may be a few pro and con which i had noticed , that need to consider along with this product described below . pros:1 reasonable in price . 2 it come up with all the base feature and sportmode . 3 you can check message and abort the call easily from the watch . 4 the battery is very impressive . it work for a whole week with a single charge . cons:1 the ui touch lag much time , i tried to tap but doesnot respond well2 the wrist detection not so accurate . it happens so may time that i pull my wrist to watch the time , but it didnot work . 3 lesser watch face availablethis watch can satisfy your need if you are not a hardcore sporty person like me . that is why i wrote at the headline , i. e. , i like the watch .",,,,,,,,,,,,,,,,,,,,,,,,,,1,,,,,,,,,,,,,,,,,,,,,,,,,,,,,,,,,,,,,,,,,,,,,,,,,,,,,,,,,,,,,,,,,,,,,,,,,,,,,,,,,,,,,,,,,,,,,,,,,,,,,,,,,,,,,,,,,,,,,,,,,,,,,,,,,,,,,,,,,,,,,,,,,,,,,,,,,,,,,,,,,,,,,,,,,,,,,,,,,,,,,,,,,,,,,,,,,,,,,,,,,,,,,,,,,,,,,,,,,,,,,,,,,,,,,,,,,,,,,,,,,,,,,,,,,,,,,,,,,,,,,,,,,,,,0,,,,,,,,,,,,,,,,,,,,,-1,,,,,,,,,,,,,,,,,,,,,,,,,,,,,,,,,,,,,,,,,,,,,,,,,,,,,,,,,,,,,,,,,,,,,,,,,,,,,,,,,,,
"amazon.in:customer reviews: honor magic watch 2 (46mm, charcoal black) 14-days battery, spo2, bt calling &amp; music playback, 100 workout modes, amoled touch screen, personalized watch faces, sleep &amp; hr monitor, smart companion",honor,02-08-2020,Nice desing,4,Good desing,good desing,,,,,,,,,,,,,,,,,,,,,,,,,,,,,,,,,,,,,,,,,,,,,,,,,,,,,,,,,,,,,,,,,,,,,,,,,,,,,,,,,,,,,,,,,,,,,,,,,,,,,,,,,,,,,,,,,,,,,,,,,,,,,,,,,,,,,,,,,,,,,,,,,,,,,,,,,,,,,,,,,,,,,,,,,,,,,,,,,,,,,,,,,,,,,,,,,,,,,,,,,,,,,,,,,,,,,,,,,,,,,,,,,,,,,,,,,,,,,,,,,,,,,,,,,,,,,,,,,,,,,,,,,,,,,,,,,,,,,,,,,,,,,,,,,,,,,,,,,,,,,,,,,,,,,,,,,,,,,,,,,,,,,,,,,,,,,,,,,,,,,,,,,,,,,,,,,,,,,,,,,,,,,,,,,,,,,,,,,,,,,,,,,,,,,,,,,,,,,,
"amazon.in:customer reviews: fitbit fb507rgpk versa 2 health &amp; fitness smartwatch with heart rate, music, alexa built-in, sleep &amp; swim tracking, petal/copper rose, one size (s &amp; l bands included) (petal/copper rose)",fitbit,02-08-2020,Nice one,4,This product is very nice and lightweight it's a nice look also,this product is very nice and lightweight it is a nice look also,,,,,,,,,,,,,,,,,,,,,,,,,,,,,,,,,,,,,,,,,,,,,,,,,,,,,,,,,,,,,,,,,,,,,,,,,,,,,,,,,,,,,,,,,,,,,,,,,,,,,,,,,,,,,,,,,,,,,,,,,,,,,,,,,,,,,,,,,,,,,,,,,,,,,,,,,,,,,,,,,,,,,,,,,,,,,,,,,,,,,,,,,,,,,,,,,,,,,,,,,,,,,,,,,,,,,,,,,,,,,,,,,,,,,,,,,,,,,,,,,,,,,,,,,,,,,,,,,,,,,,,,,,,,,,,,,,,,,,,,,,,,,,,,,,,,,,,,,,,,,,,,,,,,,,,,,,,,,,,,,,,,,,,,,,,,,,,,,,,,,,,,,,,,,,,,,,,,,,,,,,,,,,,,,,,,,,,,,,,,,,,,,,,,,,,,,,,,,,
"amazon.in:customer reviews: honor magic watch 2 (46mm, charcoal black) 14-days battery, spo2, bt calling &amp; music playback, 100 workout modes, amoled touch screen, personalized watch faces, sleep &amp; hr monitor, smart companion",honor,02-08-2020,Watch face issue resolved,4,Guys!! Good newsWatch face issues in OnePlus has been resolved by Honor.Just you need to download huawei app gallery by visiting huaweimobileservices.com wherein you will able to find huawei mobile service app. Just download from there and you are good to go..Attached watch face is a proof.,guy good newswatch face issues in oneplus ha been resolved by honor . just you need to download huawei app gallery by visiting huaweimobileservices . com wherein you will able to find huawei mobile service app . just download from there and you are good to go . attached watch face is a proof .,,,,,,,,,,,,,,,,,,,,,,,,,,,,,,,,,,,,,,,,,,,,,,,,,,,,,,,,,,,,,,,,,,,,,,,,,,,,,,,,,,,,,,,,,,,,,,,,,,,,,,,,,,,,,,,,,,,,,,,,,,,,,,,,,,,,,,,,,,,,,,,,,,,,,,,,,,,,,,,,,,,,,,,,,,,,,,,,,,,,,,,,,,,,,,,,,,,,,,,,,,,,,,,,,,,,,,,,,,,,,,,,,,,,,,,,,,,,,,,,,,,,,,,,,,,,,,,,,,,,,,,,,,,,,,,,,,,,,,,,,,,,,,,,,,,,,,,,,,,,,,,,,,,,,,,,,,,,,,,,,,,,,,,,,,,,,,,,,,,,,,,,,,,,,,,,,,,,,,,,,,,,,,,,,,,,,,,,,,,,,,,,,,,,,,,,,,,,,,
"amazon.in:customer reviews: honor magic watch 2 (46mm, charcoal black) 14-days battery, spo2, bt calling &amp; music playback, 100 workout modes, amoled touch screen, personalized watch faces, sleep &amp; hr monitor, smart companion",honor,02-09-2020,Amazing....!!!,5,Awesome...!!!,awesome .,,,,,,,,,,,,,,,,,,,,,,,,,,,,,,,,,,,,,,,,,,,,,,,,,,,,,,,,,,,,,,,,,,,,,,,,,,,,,,,,,,,,,,,,,,,,,,,,,,,,,,,,,,,,,,,,,,,,,,,,,,,,,,,,,,,,,,,,,,,,,,,,,,,,,,,,,,,,,,,,,,,,,,,,,,,,,,,,,,,,,,,,,,,,,,,,,,,,,,,,,,,,,,,,,,,,,,,,,,,,,,,,,,,,,,,,,,,,,,,,,,,,,,,,,,,,,,,,,,,,,,,,,,,,,,,,,,,,,,,,,,,,,,,,,,,,,,,,,,,,,,,,,,,,,,,,,,,,,,,,,,,,,,,,,,,,,,,,,,,,,,,,,,,,,,,,,,,,,,,,,,,,,,,,,,,,,,,,,,,,,,,,,,,,,,,,,,,,,,
"amazon.in:customer reviews: honor magic watch 2 (46mm, charcoal black) 14-days battery, spo2, bt calling &amp; music playback, 100 workout modes, amoled touch screen, personalized watch faces, sleep &amp; hr monitor, smart companion",honor,02-10-2020,"Excellent watch with good quality, accuracy, light weight,",5,"Beautiful watch, nice display accuracy was perfect size of dial very good very light ti wear, quality excellent but iam not able to install watch face it require Huawai I'd and Huawai mobile service app not working so not able to install and I talk to honor customer service application not sporting One plus 7t. And request pl give updates time to time so that watch should work propley and if possible give reply so it become easy because inbuilt speaker in watch is very good voice quality is clear good Bluetooth conectivety is also good but give updates on time required.Over all amazing watch.Should buy..","beautiful watch , nice display accuracy wa perfect size of dial very good very light ti wear , quality excellent but iam not able to instagramll watch face it require huawai i would and huawai mobile service app not working so not able to instagramll and i talk to honor customerservice application not sporting one plus 7 t . and request pl give update time to time so that watch should work propley and if possible give reply so it become easy because inbuilt speaker in watch is very good voicequality is clear good bluetooth conectivety is also good but give update on time required . over all amazing watch . should buy .",,,,,,,,,,,,,,,,,,,,,,,,,,,,,,,,,,,,,,,,,,,,,,,,,,,,,,,,,,,,,,,,,,,,,,,,,,,,,,,,,,,,,,,,,,,,,,,,,,,,,,,,,,,,,,,,,,,,,,,,,,,,,,,,,,,,,,,,,,,,,,,,,,,,,,,,,,,,,,,,,,,,,,,,,,,,,,,,,,,,,,,,,,,,,,,,,,,,,,,,,,,,,,,,,,,,,,,,,,,,,,,,,,,,,,,,,,,,,,,,,,,,,,,,,,,,,,,,,,,,,,,,,,,,,,,,,,,,,,,,,,,,,,,,,,,,,,,,,,,,,,,,,,,,,,,,,,,,,,,,,,,,,,,,,,,,,,,,,,,,,,,,,,,,,,,,,,,,,,,,,,,,,,,,,,,,,,,,,,,,,,,,,,,,,,,,,,,,,,
"amazon.in:customer reviews: honor magic watch 2 (46mm, charcoal black) 14-days battery, spo2, bt calling &amp; music playback, 100 workout modes, amoled touch screen, personalized watch faces, sleep &amp; hr monitor, smart companion",honor,02-10-2020,"Go for a band & conventional watch (2.3k +10k) a much better deal , I'd say",3,"The watch is way too beautiful.Been using it with My OnePlus , had to use UK ID & download APKs , which I found to be a poor experience, the software experience needs to be worked upon, India being such a large market for Huawei misses out so many privileges including VO2 max , which smaller markets like UK enjoy.The watch has indeed a lot of potential but I wish the various softwares were well knit, like on other platforms (WatchOS from Apple for example) ,I don't know if Huawei/Honor ever do this justice.The sleep & stress tracking work well.The pedometer gets quite many false counts while driving.Overall , if anyone is looking for a beautiful watch & fitness buddy , buy the Honor Band 5 at 2.3k Rs. Which does all the functions of this watch , except calling & has additional SpO2 monitoring even (& also you will be a little less scared while the rough use & a little more comfortable while sleep tracking) & Use the remaining 10k to buy a good conventional watch.The watch faces collection is good , could've been better though & a major negative is , you can only switch on the display for 20 mins max , at once.The screen saver options are limited(1 photo attached) & boring , so not of much use. Therefore , I'd say a good conventional watch will look much prettier overall & a band costing very less , will sort your fitness purpose really well.Great battery & looks(as a smartwatch),though , I'll say again.","the watch is way too beautiful . been using it with my oneplus , had to use uk id download apks , which i found to be a poor experience , the software experience need to be worked upon , india being such a large market for huawei miss out so many privilege including vo2 max , which smaller market like uk enjoy . the watch ha indeed a lot of potential but i wish the various software were well knit , like on other platform watchos from apple for example , i donot know if huawei/honor ever do this justice . the sleep stress tracking work well . the pedometer get quite many false count while driving . overall , if anyone is looking for a beautiful watch fitness budy , buy the honor band 5 at 2 . 3 k r . which doe all the function of this watch , except calling ha aditional spo2 monitoring even also you will be a little le scared while the rough use a little more comfortable while sleeptracking ing use the remaining 10 k to buy a good conventional watch . the watch face callection is good , could 've been better though a major negative is , you can only switch on the display for 20 min max , at once . the screen saver option are limited 1 photo attached boring , so not of much use . therefore , i would say a good conventional watch will look much prettier overall a band costing very le , will sort your fitness purpose really well . great battery look a a smartwatch , though , i will say again .",,,,,,,,,,,,,,,,,,,,,,,1,,,1,,,,,,,,,,,,,,,,,,,,,,,,,,,,,,,,,,,,,,,,,,,,,,,,,,,,,,,,,,,,,,,,,,,,,,,,,,,,,,,,,,,,,,,,,,,,,,,,,,,,,,,,,,,,,,,,,,,,,,,,,,,,,,,,,,,,,,,,,,,,,,,,,,,,,,,,,,,,,,-1,,,,,,,,,,,,,,,,,,,,,,,,,,,,,,,,,,,,,,,,,,,,,,,,,,,,,,,,,,,,,,,,,,,,-1,,,,,,,,,,,,,,,,,,,,,,,,,,,,,,,,,,,,,,,,,,,,,,,,,,,,,,,,,1,,,,,,,,,,,,,,,,,,,,,,,,,,,,,,,,,,,,,,,,,,,,,,,,,,,,,,,,,,,,,,,,,,,,,,,,,,,,,,,,,,,,,,,,,
"amazon.in:customer reviews: honor magic watch 2 (46mm, charcoal black) 14-days battery, spo2, bt calling &amp; music playback, 100 workout modes, amoled touch screen, personalized watch faces, sleep &amp; hr monitor, smart companion",honor,02-10-2020,Best smartwatch for the price!!!,5,After using quite a few fitness bands I came across thia watch and found it very good. Its a good watch for the price for it offers. Features are also good and its quite light weight too. Looks are also very elegant. The app is also friendly to use.My only con is that there sgould be some more features for gym workouts. Please update this. Also I couldnt use the spO2 sensing feature. But rest is realy good.I would surely reccommend it.,after using quite a few fitnessbands i came across thia watch and found it very good . it a good watch for the price for it offer . feature are also good and it quite light weight too . look are also very elegant . the app is also friendly to use . my only con is that there sgould be some more feature for gym workout . please update this . also i could not use the spo2 sensing feature . but rest is realy good . i would surely reccommend it .,,,,,,,,,,,,,,,,,,,,,,,,,,,,,,,,,,,,,,,,,,,,,,,,,,,,,,,,,,,,,,,,,,,,,,,,,,,,,,,,,,,,,,,,,,,,,,,,,,,,,,,,0,,,,,,,,,,,,,,,,,,,,,,,,,,,,,,,,,,,,,,,,,,,,,,,,,,,,,,,,,,,,,,,,,,,,,,,,,,,,,,,,,,,,,,,,,,,,,,,,,,,,,,,,,,,,,,,,,,,,,,,,,,,,,,,,,,,,,,,,,,,,,,,,,,,,,,,,,,,,,,,,,,,,,,,,,,,,,,,,,,,,,,,,,,,,,,,,,,,,,,,,,,,,,,,,,,,,,,,,,,,,,,,,,,,,,,,,,,,,,,,,,,,,,,,,,,,,,,,,,,,,,,,,,,,,,,,,,,,,,,,,,,,,,,,,,,,,,,
"amazon.in:customer reviews: fitbit fb507rgpk versa 2 health &amp; fitness smartwatch with heart rate, music, alexa built-in, sleep &amp; swim tracking, petal/copper rose, one size (s &amp; l bands included) (petal/copper rose)",fitbit,02-10-2020,Don’t buy during deal days,5,"Nice product, But I feel not to buy during Big day sales.. during that time only the prices are higher.. normal days it’s too low","nice product , but i feel not to buy during big day sale . during that time only the price are higher . normal day it ’ s too low",,,,,,,,,,,,,,,,,,,,,,,,,,,,,,,,,,,,,,,,,,,,,,,,,,,,,,,,,,,,,,,,,,,,,,,,,,,,,,,,,,,,,,,,,,,,,,,,,,,,,,,,,,,,,,,,,,,,,,,,,,,,,,,,,,,,,,,,,,,,,,,,,,,,,,,,,,,,,,,,,,,,,,,,,,,,,,,,,,,,,,,,,,,,,,,,,,,,,,,,,,,,,,,,,,,,,,,,,,,,,,,,,,,,,,,,,,,,,,,,,,,,,,,,,,,,,,,,,,,,,,,,,,,,,,,,,,,,,,,,,,,,,,,,,,,,,,,,,,,,,,,,,,,,,,,,,,,,,,,,,,,,,,,,,,,,,,,,,,,,,,,,,,,,,,,,,,,,,,,,,,,,,,,,,,,,,,,,,,,,,,,,,,,,,,,,,,,,,,
"amazon.in:customer reviews: honor magic watch 2 (46mm, charcoal black) 14-days battery, spo2, bt calling &amp; music playback, 100 workout modes, amoled touch screen, personalized watch faces, sleep &amp; hr monitor, smart companion",honor,02-10-2020,Overrated!,3,Been using for a month now.  I am impressed with the battery life however no attractive watch faces are available from Huawei Health app. Not sure when we would get an update on firmware. Would resolve all your basic smartphone watch needs however this is way behind on display compared to any reputed branded smartwatch out there in the market.,been using for a month now . i am impressed with the batterylife however no attractive watch face are available from huawei health app . not sure when we would get an update on firmware . would resolve all your basic smartphone watch need however this is way behind on display compared to any reputed branded smartwatch out there in the market .,,,,,,,,,,,,,,,,,,,,,,,,,,,,,,,,,,,,,,,,,,,,,,,,,,,,,,,,,,,,,,,,,,,,,,,,,,,,,,,,,,,,,,-1,,,,,,,,,,,,,,,,-1,,,,,,,,,,,,,,,,,,,,,,,,,,,,,,,,,,,,,,,,,,,,,,,,,,,,,,,,,,,,,,,,,,,,,,,,,,,,,,,,,,,,,,,,,,,,,,,,,,,,,,,,,,,,,,,,,,,,,,,,,,,,,,,,,,,,,,,,,,,,,,,,,,,,,,,,,,,,,,,,,,,,,,,,,,,,,,,,,,,,,,,,,,,,,,,,,,,,,,,,,,,,,,,,,,,,,,,,,,,,,,,,,,,,,,,,,,,,,,,,,,,,,,,,,,,,,,,,,,,,,,,,,,,,,,,,,,,,,,,,,,,,,,,,,,,,,,,,
"amazon.in:customer reviews: fitbit fb507rgpk versa 2 health &amp; fitness smartwatch with heart rate, music, alexa built-in, sleep &amp; swim tracking, petal/copper rose, one size (s &amp; l bands included) (petal/copper rose)",fitbit,02-11-2020,Not worth it,1,Can’t keep track of floors you have climbed.. I climb 3 and it counts 1 and the no of steps counted are more than actual no of steps,can ’ t keep track of floor you have climbed . i climb 3 and it count 1 and the no of step counted are more than actual no of step,,,,,,,,,,,,,,,,,,,,,,,,,,,,,,,,,,,,,,,,,,,,,,,,,,,,,,,,,,,,,,,,,,,,,,,,,,,,,,,,,,,,,,,,,,,,,,,,,,,,,,,,,,,,,,,,,,,,,,,,,,,,,,,,,,,,,,,,,,,,,,,,,,,,,,,,,,,,,,,,,,,,,,,,,,,,,,,,,,,,,,,,,,,,,,,,,,,,,,,,,,,,,,,,,,,,,,,,,,,,,,,,,,,,,,,,,,,,,,,,,,,,,,,,,,,,,,,,,,,,,,,,,,,,,,,,,,,,,,,,,,,,,,,,,,,,,,,,,,,,,,,,,,,,,,,,,,,,,,,,,,,,,,,,,,,,,,,,,,,,,,,,,,,,,,,,,,,,,,,,,,,,,,,,,,,,,,,,,,,,,,,,,,,,,,,,,,,,,,
"amazon.in:customer reviews: fitbit fb507rgpk versa 2 health &amp; fitness smartwatch with heart rate, music, alexa built-in, sleep &amp; swim tracking, petal/copper rose, one size (s &amp; l bands included) (petal/copper rose)",fitbit,02-11-2020,Great watch!,4,"PROS:Quality body and strapGood looks and comfortGood amoled screenSize is rightPedometer, heart rate,menustral cycleRelax (breathing) appWatchfaces and appsGood interfaceGood battery lifeAlexaCONS:Connectivity unreliableApp is clunky (PC and android)Notifications from android do not workVibrations cannot be disabled","pro : quality body and strapgood look and comfortgood amoled screensize is rightpedometer , heartrate , menustral cyclerelax breathing appwatchfaces and appsgood interfacegood batterylifealexacons : connectivity unreliableapp is clunky pc and androidnotifications from android do not workvibrations can not be disabled",,,,,,,,,,,,,,,,,,,,,,,,,,,,,,,,,,,,,,,,,,,,,,,,,,,,,,,,,,,,,,,,,,,,,,,,,,,,,,,,,,,,,,,,,,,,,,,,,,,,,,,,,,,,,,,,,,,,,,,,,,,,,,,,,,,,,,,,,,,,,,,,,,,,,,,,,,,,,,,,,,,,,,,,,,,,,,,,,,,,,,,,,,,,,,,,,,,,,,,,,,,,,,,,,,,,,,,,,,,,,,,,,,,,,,,,,,,,,,,,,,,,,,,,,,,,,,,,,,,,,,,,,,,,,,,,,,,,,,,,,,,,,,,,,,,,,,,,,,,,,,,,,,,,,,,,,,,,,,,,,,,,,,,,,,,,,,,,,,,,,,,,,,,,,,,,,,,,,,,,,,,,,,,,,,,,,,,,,,,,,,,,,,,,,,,,,,,,,,
"amazon.in:customer reviews: honor magic watch 2 (46mm, charcoal black) 14-days battery, spo2, bt calling &amp; music playback, 100 workout modes, amoled touch screen, personalized watch faces, sleep &amp; hr monitor, smart companion",honor,02-12-2020,"Good watch, but slightly overpriced",4,"The Huawei Honor magic watch 2, is no doubt a great fitness watch, plus you can listen to music both from the watch and even control the phone's music ( listen it directly from the phone or via bluetooth earphones if connected* , and all this happens in simultaneous connection).You can also receive calls and talk over the watch and receive all the social media notifications ( Instagram, Facebook ...and many more, with their respective icons displayed for some of the social media apps). You can set your own customised watch face ( upto 5 watch faces).The battery life as the company claims it to be 14 days in one charge , is not that long.At a moderate use ( Listening to music over the watch , having calls over the watch and playing music over other bluetooth speakers via the watch and using it to track fitness activities) gives you at max of 4 days battery backup in one charge.You can't install third party apps, and can't reply to messages and whatsapp notifications.Overall it's a good buy, but it is a little overpriced.Total : 3.5 stars.","the huawei honor magic watch 2 , is no doubt a great fitness watch , plus you can listen to music both from the watch and even control the phone is music listen it directly from the phone or via bluetooth earphone if connected , and all this happens in simultaneous connection . you can also receive call and talk over the watch and receive all the socialmedianotification instagram , facebook . and many more , with their respective icon displayed for some of the social medium apps . you can set your own customised watch face upto 5 watch face . the batterylife a the company claim it to be 14 day in one charge , is not that long . at a moderate use listening to music over the watch , having call over the watch and playing music over other bluetooth speaker via the watch and using it to track fitness activity give you at max of 4 day batterybackup in one charge . you canot instagramll third party apps , and canot reply to message and whatsappnotification . overall it is a good buy , but it is a little overpriced . total : 3 . 5 star .",,,,,,,,,,,,,,,,,,,,,,,,,,,-1,,,-1,,,,,,,,0,,,,,,,,,,,,,,,,,,,,,,,,,,,,,,,,,,,,,,,,,,,,,,,,,,,,,,,,,,,,,,,,,,,,,,,,,,,,,,,,,,,,,,,,,,,,,,,,,,,,,,,,,,,,,,,,,,,,,,,,,,,,,,,,,,,,,,,,,,,,,,,,,,,,,,,,,,,,,,,,,,,,,,,,,,,,,,,,,,,,,,,,,,,,,,,,,,,,,,,,,,,,,,,,,,,,,,,,,,,,,,,,,,,,,,,,,,,,,,,,,,,,,,,,,,,,,,,,,,,,,,,,,,,,,,,,,,,,,,,,,,,,,,,,,,,,,,,,,,,,,,,,,-1,,,,,,,,,,,,,,,,,,,,,,,,,,,,,,,,,,,,,,,,,,,,,,,,,,,,,,,
"amazon.in:customer reviews: honor magic watch 2 (46mm, charcoal black) 14-days battery, spo2, bt calling &amp; music playback, 100 workout modes, amoled touch screen, personalized watch faces, sleep &amp; hr monitor, smart companion",honor,02-12-2020,Dispointed for his heartbeat work,2,I should be dislike this product is not accurate heartbeat,i should be dislike this product is not accurate heartbeat,,,,,,,,,,,,,,,,,,,,,,,,,,,,,,,,,,,,,,,,,,,,,,,,,,,,,,,,,,,,,,,,,,,,,,,,,,,,,,,,,,,,,,,,,,,,,,,,,,,,,,,,,,,,,,,,,,,,,,,,,,,,,,,,,,,,-1,,,,,,,,,,,,,,,,,,,,,,,,,,,,,,,,,,,,,,,,,,,,,,,,,,,,,,,,,,,,,,,,,,,,,,,,,,,,,,,,,,,,,,,,,,,,,,,,,,,,,,,,,,,,,,,,,,,,,,,,,,,,,,,,,,,,,,,,,,,,,,,,,,,,,,,,,,,,,,,,,,,,,,,,,,,,,,,,,,,,,,,,,,,,,,,,,,,,,,,,,,,,,,,,,,,,,,,,,,,,,,,,,,,,,,,,,,,,,,,,,,,,,,,,,,,,,,,,,,,,,,,,,,
"amazon.in:customer reviews: honor magic watch 2 (46mm, charcoal black) 14-days battery, spo2, bt calling &amp; music playback, 100 workout modes, amoled touch screen, personalized watch faces, sleep &amp; hr monitor, smart companion",honor,02-12-2020,Good one,4,Products good and light weight,product good and light weight,,,,,,,,,,,,,,,,,,,,,,,,,,,,,,,,,,,,,,,,,,,,,,,,,,,,,,,,,,,,,,,,,,,,,,,,,,,,,,,,,,,,,,,,,,,,,,,,,,,,,,,,,,,,,,,,,,,,,,,,,,,,,,,,,,,,,,,,,,,,,,,,,,,,,,,,,,,,,,,,,,,,,,,,,,,,,,,,,,,,,,,,,,,,,,,,,,,,,,,,,,,,,,,,,,,,,,,,,,,,,,,,,,,,,,,,,,,,,,,,,,,,,,,,,,,,,,,,,,,,,,,,,,,,,,,,,,,,,,,,,,,,,,,,,,,,,,,,,,,,,,,,,,,,,,,,,,,,,,,,,,,,,,,,,,,,,,,,,,,,,,,,,,,,,,,,,,,,,,,,,,,,,,,,,,,,,,,,,,,,,,,,,,,,,,,,,,,,,,
"amazon.in:customer reviews: honor magic watch 2 (46mm, charcoal black) 14-days battery, spo2, bt calling &amp; music playback, 100 workout modes, amoled touch screen, personalized watch faces, sleep &amp; hr monitor, smart companion",honor,2/14/2020,Issues while trying to install Huawei Health app and Huawei Mobile Service app,3,Good watch but not able to install Huawei Mobile Service app for onePlus6 which is required to add watch faces.,good watch but not able to instagramll huawei mobile service app for oneplus6 which is required to ad watch face .,,,,,,,,,,,,,,,,,,,,,,,,,,,,,,,,,,,,,,,,,,,,,,,,,,,,,,,,,,,,,,,,,,,,,,,,,,,,,,,,,,,,,,,,,,,,,,,,,,,,,,,,,,,,,,,,,,,,,,,,,,,,,,,,,,,,,,,,,,,,,,,,,,,,,,,,,,,,,,,,,,,,,,,,,,,,,,,,,,,,,,,,,,,,,,,,,,,,,,,,,,,,,,,,,,,,,,,,,,,,,,,,,,,,,,,,,,,,,,,,,,,,,,,,,,,,,,,,,,,,,,,,,,,,,,,,,,,,,,,,,,,,,,,,,,,,,,,,,,,,,,,,,,,,,,,,,,,,,,,,,,,,,,,,,,,,,,,,,,,,,,,,,,,,,,,,,,,,,,,,,,,,,,,,,,,,,,,,,,,,,,,,,,,,,,,,,,,,,,
"amazon.in:customer reviews: honor magic watch 2 (46mm, charcoal black) 14-days battery, spo2, bt calling &amp; music playback, 100 workout modes, amoled touch screen, personalized watch faces, sleep &amp; hr monitor, smart companion",honor,2/14/2020,Wow product,5,"Fantastic product at fantastic price,what a premium looks,fitness lovers go and get one, enjoying the watch,only issue is this watch not support Google wear os,","fantastic product at fantastic price , what a premium look , fitness lover go and get one , enjoying the watch , only issue is this watch not support google wear o ,",,,,,,,,,,,,,,,,,,,,,,,,,,,,,,,,,,,,,,,,,,,,,,,,,,,,,,,,,,,,,,,,,,,,,,,,,,,,,,,,,,,,,,,,,,,,,,,,,,,,,,,,,,,,,,,,,,,,,,,,,,,,,,,,,,,,,,,,,,,,,,,,,,,,,,,,,,,,,,,,,,,,,,,,,,,,,,,,,,,,,,,,,,,,,,,,,,,,,,,,,,,,,,,,,,,,,,,,,,,,,,,,,,,,,,,,,,,,,,,,,,,,,,,,,,,,,,,,,,,,,,,,,,,,,,,,,,,,,,,,,,,,,,,,,,,,,,,,,,,,,,,,,,,,,,,,,,,,,,,,,,,,,,,,,,,,,,,,,,,,,,,,,,,,,,,,,,,,,,,,,,,,,,,,,,,,,,,,,,,,,,,,,,,,,,,,,,,,,,
"amazon.in:customer reviews: honor magic watch 2 (46mm, charcoal black) 14-days battery, spo2, bt calling &amp; music playback, 100 workout modes, amoled touch screen, personalized watch faces, sleep &amp; hr monitor, smart companion",honor,2/14/2020,"Robust, though 1 glitch that message repeats in the message log",4,"Riveted, Robust watch with no explicitly doable updates, with only hitch that I see same latest message repeated 10 times in message log, though it should show last 10 messages right?Other than that all eminent, 7-14 days battery life, solid, malleble theme, medley of workouts option, precision in calorie estimation, Spo2 and other essential functions like alarms, stopwatch.","riveted , robust watch with no explicitly doable update , with only hitch that i see same latest message repeated 10 time in message log , though it should show last 10 message right ? other than that all eminent , 7-14 day batterylife , solid , malleble theme , medley of workout option , precision in calorieestimation , spo2 and other essential function like alarm , stopwatch .",,,,,,,,,,,,,,,,,,,,,,,,,,,,,,,,,,,,,,,,,,,,,,,,,,,,,,,,,,,,,,,,,,,,,,,,,,,,,,,,,,,,,,,,,,,,,,,,,,,,,,,,,,,,,,,,,,,,,,,,,,,,,,,,,,,,,,,,,,,,,,,,,,,,,,,,,,,,,,,,,,,,,,,,,,,,,,,,,,,,,,,,,,,,,,,,,,,,,,,,,,,,,,,,,,,,,,,,,,,,,,,,,,,,,,,,,,,,,,,,,,,,,,,,,,,,,,,,,,,,,,,,,,,,,,,,,,,,,,,,,,,,,,,,,,,,,,,,,,,,,,,,,,,,,,,,,,,,,,,,,,,,,,,,,,,,,,,,,,,,,,,,,,,,,,,,,,,,,,,,,,,,,,,,,,,,,,,,,,,,,,,,,,,,,,,,,,,,,,
"amazon.in:customer reviews: noise colorfit pro 2 full touch control smart watch with 35g weight &amp; upgraded lcd display,ip68 waterproof,heart rate monitor,sleep &amp; step tracker,call &amp; message alerts &amp; long battery life (jet black)",noise,2/15/2020,Good product and good improvements but poor technical support don't expect any help!!,4,"I have used the product of over a year now and i have seen a lot of ups and down with this product. Now initially when i bought this product back last year I thought what a mistake and why? The product had lot of short comings for instance staying connected with the phone was a big challenge and getting help from technical support being a bigger challenge. There is no change in the part of getting help from technical support or help. However I have to say that the product has drastic changes and improvements making me change my initial rating and rerating this a 4 star. I am stingy in giving ratings besides there is always scope for improvements. Now let me tell you the good part, its a rough and touch watch with good styling on it. Definitely water proof you can go for a swim without worries and you would not regret. All notifications on your dial. The have also updated the app for the watch which you can use to sync with your phone which earlier use to give me trouble and now its a piece of cake. Now can you change the watch faces or only use the default ones, yes you can put your picture that you want using your app on the phone and its pretty cool. You can keep a tab on your activities pretty easily. In short for the pricing that its been provided its a good catch. I have recommended this to many of my friends and its a worth buy..","i have used the product of over a year now and i have seen a lot of ups and down with this product . now initially when i bought this product back last year i thought what a mistake and why ? the product had lot of short coming for instagramnce staying connected with the phone wa a big challenge and getting help from technical support being a bigger challenge . there is no chang in the part of getting help from technical support or help . however i have to say that the product ha drastic chang and improvement making me chang my initial rating and rerating this a 4 star . i am stingy in giving rating besides there is always scope for improvement . now let me tell you the good part , it a rough and touch watch with good stylish on it . definitely waterproof you can go for a swim without worry and you would not regret . all notification on your dial . the have also updated the app for the watch which you can use to sync with your phone which earlier use to give me trouble and now it a piece of cake . now can you chang the watch face or only use the default one , yes you can put your picture that you want using your app on the phone and it pretty cool . you can keep a tab on your activity pretty easily . in short for the pricing that it been provided it a good catch . i have recommended this to many of my friend and it a worth buy .",,,,,,,,,,,,,,,,,,,,,,,,,,,,,,,,,,,,,,,,,,,,,,,,,,,,,,,,,,,,,,,,,,,,,,,,,,,,,,,,,,,,,,,,,,,,,,,,,,,,,,,,,,,,,,,,,,,,,,,,,,,,,,,,,,,,,,,,,,,,,,,,,,,,,,,,,,,,,,,,,,,,,,,,,,,,,,,1,,,,,,,,,,,,1,,,,,,,,,1,,,,,,,,,,,,,,,,,,,,,,,,,,,,,,,,,,,,,,,,,,,,,,,,,,,,,,,,,,,,,,,,,,,,,,,,,,,,,,,,,,,,,,,,1,,,,,,,,,,,,,,,,,,,,,,,,,,,,,,,,,,,,,,,,,,,,,,,,,,,1,,,,,,,,,,,,,,,,,,,,,,,,,,,,,,,,,,,,,,,,,,,,,,,,,,,,,,,,,,,,,,,
"amazon.in:customer reviews: honor magic watch 2 (46mm, charcoal black) 14-days battery, spo2, bt calling &amp; music playback, 100 workout modes, amoled touch screen, personalized watch faces, sleep &amp; hr monitor, smart companion",honor,2/15/2020,Worth of every single penny,5,"What a watch. Amazing guys [this is not a paid review]Let me start with my research as initially I wanted something similar to Apple watch so endup ordering Fitbit versa 2 since this was not available in stock. But soon I realized it was back in stock so I cancelled Fitbit (anyway they didn't even shop the order yet) and ordered this beauty. I was blown away by the featured of this Smart Watch. Endup watching several comparison videos and lot of feature research I found that this is something which will suit everyone's expectations as days of using Mi band over . Now coming back to its interface and easy to use with OnePlus 7 pro, guys I don't know why I see lot of challenges in terms of notification, syncing and additional watch faces. I faced none of these issues. Battery I can't even comment (speechless) u will not even realize that charging is required. Schedule Sunday to Sunday charging just to keep it charges . Touch panel works like charm. Pickup call directly from watch, dial number directly from your fvrt contact (you can add up to 10) using watch only . What else ?? We missed the original essence of it. Yes the fitness factor, I am a running and fitness freak person and my main idea was to see the accurateness of each section , starting from running , steps , sleep tracking, heart monitoring and cycling ( all are just perfect, the way it has to be) . In-built GPS is onether highlight of this smartwatch as that functions accurately as I have already tested. So wait for it to come back in stock and don't miss to consider all these features and then take decision. Chao.....","what a watch . amazing guy this is not a paid reviewlet me start with my research a initially i wanted something similar to apple watch so endup ordering fitbit versa 2 since this wa not available in stock . but soon i realized it wa back in stock so i cancelled fitbit anyway they didnot even shop the order yet and ordered this beauty . i wa blown away by the featured of this smartwatch . endup watching several comparison video and lot of feature research i found that this is something which will suit everyone is expectation a day of using mi band over . now coming back to it interface and easy to use with oneplus 7 pro , guy i donot know why i see lot of challenge in term of notification , syncing and aditional watch face . i faced none of these issues . battery i canot even comment speechless you will not even realize that charging is required . schedule sunday to sunday charging just to keep it charge . touch panel work like charm . pickup call directly from watch , dial number directly from your fvrt contact you can ad up to 10 using watch only . what else ? ? we missed the original essence of it . yes the fitness factor , i am a running and fitness freak person and my main idea wa to see the accurateness of each section , starting from running , step , sleeptracking ing , heartmonitoring and cycling all are just perfect , the way it ha to be . in-built gps is onether highlight of this smartwatch a that function accurately a i have already tested . so wait for it to come back in stock and donot miss to consider all these feature and then take decision . chao .",,,,,,,,,,,,,,,,,,,,,,,,,,,,,,,,,,,,,,,,,,,,,,,,,,,,,,,,,,,,,,,,,,,,,,,,,,,,,,,,,0,,,,,,,,,,,,,,,,,,,,,,,,,,,,,,,,,,,1,,,,,,,,,,,,,,,,,,,,,,,,,,,,,,,,,,,,,,,,,,,,,,,,,,,,,,,,,,,,,,,,,,,,,,,,,,,,,,,,,,,,,,,,,,,,,,,,,,,,,,,,,,,,,,,,,,,,,,,,,,,,,,,,,,,,,,,,,,,,,,,,,,,,,,,,,,,,,,,,,,,,,,,,,,,,,,,,,,,,,,,,,,,,,,,,,,,,,,,,,,,,,,,,,,,,,,,,,,,,,,,,,,,,,,,,,,,,,,,,,,,,,,,,,,,,,,,,,,,,,,,,,,,,,,,,,,,,,,,,,,
"amazon.in:customer reviews: honor magic watch 2 (46mm, charcoal black) 14-days battery, spo2, bt calling &amp; music playback, 100 workout modes, amoled touch screen, personalized watch faces, sleep &amp; hr monitor, smart companion",honor,2/16/2020,Awesome,5,"In one word ""Awesome"" 🔥🔥",in one word awesome fire fire,,,,,,,,,,,,,,,,,,,,,,,,,,,,,,,,,,,,,,,,,,,,,,,,,,,,,,,,,,,,,,,,,,,,,,,,,,,,,,,,,,,,,,,,,,,,,,,,,,,,,,,,,,,,,,,,,,,,,,,,,,,,,,,,,,,,,,,,,,,,,,,,,,,,,,,,,,,,,,,,,,,,,,,,,,,,,,,,,,,,,,,,,,,,,,,,,,,,,,,,,,,,,,,,,,,,,,,,,,,,,,,,,,,,,,,,,,,,,,,,,,,,,,,,,,,,,,,,,,,,,,,,,,,,,,,,,,,,,,,,,,,,,,,,,,,,,,,,,,,,,,,,,,,,,,,,,,,,,,,,,,,,,,,,,,,,,,,,,,,,,,,,,,,,,,,,,,,,,,,,,,,,,,,,,,,,,,,,,,,,,,,,,,,,,,,,,,,,,,
"amazon.in:customer reviews: honor magic watch 2 (46mm, charcoal black) 14-days battery, spo2, bt calling &amp; music playback, 100 workout modes, amoled touch screen, personalized watch faces, sleep &amp; hr monitor, smart companion",honor,2/16/2020,Cnt add watch faces,4,Cnt able to add watch faces rest everyrhing is good,cnt able to ad watch face rest everyrhing is good,,,,,,,,,,,,,,,,,,,,,,,,,,,,,,,,,,,,,,,,,,,,,,,,,,,,,,,,,,,,,,,,,,,,,,,,,,,,,,,,,,,,,,,,,,,,,,,,,,,,,,,,,,,,,,,,,,,,,,,,,,,,,,,,,,,,,,,,,,,,,,,,,,,,,,,,,,,,,,,,,,,,,,,,,,,,,,,,,,,,,,,,,,,,,,,,,,,,,,,,,,,,,,,,,,,,,,,,,,,,,,,,,,,,,,,,,,,,,,,,,,,,,,,,,,,,,,,,,,,,,,,,,,,,,,,,,,,,,,,,,,,,,,,,,,,,,,,,,,,,,,,,,,,,,,,,,,,,,,,,,,,,,,,,,,,,,,,,,,,,,,,,,,,,,,,,,,,,,,,,,,,,,,,,,,,,,,,,,,,,,,,,,,,,,,,,,,,,,,
"amazon.in:customer reviews: honor magic watch 2 (46mm, charcoal black) 14-days battery, spo2, bt calling &amp; music playback, 100 workout modes, amoled touch screen, personalized watch faces, sleep &amp; hr monitor, smart companion",honor,2/16/2020,Absolutely Worth Buying,5,"Go for it. I must say this is a watch worth buying. You would not get another smartwatch with this much features at this price. It took a while for me to wait for the product to be in stock ,but I was able to do it finally and this has absolutely won my heart. The Call function is really good and is very convenient. One con I'd bring into attention is replying to messages ...I mean ..there is no option even for quick replies. I hope they would bring this through uodate. Also no option to control camera shutter and take photo.","go for it . i must say this is a watch worth buying . you would not get another smartwatch with this much feature at this price . it took a while for me to wait for the product to be in stock , but i wa able to do it finally and this ha absolutely won my heart . the call function is really good and is very convenient . one con i would bring into attention is replying to message . i mean . there is no option even for quick reply . i hope they would bring this through uodate . also no option to control camera shutter and take photo .",,,,,,,,,,,,,,,,,,,,,,,,,,,,,,,,,,,,,,,,,,,,,,,,,,,,,,1,,,,,,,,,,,,,,,,,,,,,,,,,,,,,,,,,,,,,,,,,,,,,,,,,,,,,,,,,,,,,,,,,,,,,,,,,,,,,,,,,,,,,,,,,,,,,,,,,,,,,,,,,,,,,,,,,,,,,,,,,,,,,,,,,,,,,,,,,,,,,,,,,,,,,,,,,,,,,,,,,,,,,,,,,,,,,,,,,,,,,,,,,,,,,,,,,,,,,,,,,,,,,,,,,,,,,,,,,,,,,,,,,,,,,,,,,,,,,,,,,,,,,,,,,,,,,,,,,,,,,,,,,,,,,,,,,,,,,,,,,,,,,,,,,,,,,,,,,,,,,,,,,,,,,,,,,,,,,,,,,,,,,,,,,,,,,,,,,,,,,,,,
"amazon.in:customer reviews: honor magic watch 2 (46mm, charcoal black) 14-days battery, spo2, bt calling &amp; music playback, 100 workout modes, amoled touch screen, personalized watch faces, sleep &amp; hr monitor, smart companion",honor,2/16/2020,Best Smartwatch in India,5,"Providing the review post 3 days since delivery.Smooth touch , super features loaded, wireless charging ,, super soft on hand & battery back Also good still on 70% since 3 days","providing the review post 3 day since delivery . smooth touch , super feature loaded , wireless charging , , super soft on hand battery back also good still on 70 since 3 day",,,,,,,,,,,,,,,,,,,,,,,,,,,,,,,,,,,,,,,,,,,,,,,,,,,,,,,,,,,,,,,,,,,,,,,,,,,,,,,,,,,,,,,,,,,,,,,,,,,,,,,,,,,,,,,,,,,,,,,,,,,,,,,,,,,,,,,,,,,,,,,,,,,,,,,,,,,,,,,,,,,,,,,,,,,,,,,,,,,,,,,,,,,,,,,,,,,,,,,,,,,,,,,,,,,,,,,,,,,,,,,,,,,,,,,,,,,,,,,,,,,,,,,,,,,,,,,,,,,,,,,,,,,,,,,,,,,,,,,,,,,,,,,,,,,,,,,,,,,,,,,,,,,,,,,,,,,,,,,,,,,,,,,,,,,,,,,,,,,,,,,,,,,,,,,,,,,,,,,,,,,,,,,,,,,,,,,,,,,,,,,,,,,,,,,,,,,,,,
"amazon.in:customer reviews: honor magic watch 2 (46mm, charcoal black) 14-days battery, spo2, bt calling &amp; music playback, 100 workout modes, amoled touch screen, personalized watch faces, sleep &amp; hr monitor, smart companion",honor,2/16/2020,Must read best and awesome look... Review after using 1week.,5,"Best watch I ever used.All systems are working fine.I have one plus 6T and it's working fine with all kind of watch faces. Also make my own gallery face watch and it's working fine.One more when I get this watch battery was 75% and rytt now I'm using with all features after 6.5 days still battery is 30% remain. Means battery life best in smartwatch section.And calling feature is awesome 👌 working fine.Design is too premium and lightweight.Must Go for it guys whoever is still confused.I am a prime member than after I face the issue which I'm telling to u all so pls read and follow my suggestion. It will help u.An advise from my side don't order it with EMI option it will not come to u....and Amazon also can't help with it.I ordered two times with EMI and my order stucked with ""not yet dispatched"" remarks. So don't stuck ur money for 2 weeks.I ordered 3rd time with full payment than I got the watch. So, Better to go with full payment. It will come within 2-3 days.","best watch i ever used . all system are working fine . i have one plus 6 t and it is working fine with all kind of watch face . also make my own gallery face watch and it is working fine . one more when i get this watch battery wa 75 and rytt now i 'm using with all feature after 6 . 5 day still battery is 30 remain . mean batterylife best in smartwatch section . and calling feature is awesome ok hand working fine . design is too premium and lightweight . must go for it guy whoever is still confused . i am a prime member than after i face the issue which i 'm telling to you all so pls read and follow my suggestion . it will help you. an advise from my side donot order it with emi option it will not come to you. and amazon also canot help with it . i ordered two time with emi and my order stucked with not yet dispatched remark . so donot stuck you are money for 2 week . i ordered 3 rd time with full payment than i got the watch . so , better to go with full payment . it will come within 2-3 day .",,,,,,,,,,,,,,,,,,,,,,,,,,-1,,,,1,,,,,,,,,,,,,,,,,,,,,,,,1,,,,,,,,,,,,,,,,,,,,,,,,,,1,,,,,,,,,,,,,,,,,,,,,,,,,,,,,,,,,,,,,,,,,,,,,,,,,,,,,,,,,,,,,,,,,,,,,,,,,,,,,,,,,,,,,,,,-1,,,,,,,,,,,,,,,,,,,,,,,,,,,,,,,,,,,,,,,,,,,,,,,,,,,,,,,,,,,,,,,,,,,,,,,,,,,,,,,,,,,,,,,,,,,,,,,,,,,,,,,,,,,,,,,,,,,,,,,,,,,,,,,,,,,,,,,,,,,,,,,,,,,,,,,,,,,,,,,,,,,,,,,,,,,,,,,,,,,,,,,,,,,,,,,,,,,,,,,,,,,,,,,,,,,,,,,,,,,,,,,,,,,,,,
"amazon.in:customer reviews: honor magic watch 2 (46mm, charcoal black) 14-days battery, spo2, bt calling &amp; music playback, 100 workout modes, amoled touch screen, personalized watch faces, sleep &amp; hr monitor, smart companion",honor,2/16/2020,Good purchase.,5,Very good product for health enthusiastic. Good quality and design. Very good software experience and huge battery life.,very good product for health enthusiastic . good quality and design . very good software experience and huge batterylife .,,,,,,,,,,,,,,,,,,,,,,,,,,,,,,,,,,,,,,,,,,,,,,,,,,,,,,,,,,,,,,,,,,,,,,,,,,,,,,,,1,,,,,,,,,,,,,,,,,,,,,,,,,,,,,,,,,,,,,,,,,,,,,,,,,,,,,,,,,,,,,,,,,,,,,,,,,,,,,,,,,,,,,,,,,,,,,,,,,,,,,,,,,,,,,,,,,,,,,,,,,,,,,,,,,,,,,,,,,,,,,,,,,,,,,,,,,,,,,,,,,,,,,,,,,,,,1,,,,,,,,,,,,,,,,,,,,,,,,,,,,,,,,,,,,,,,,,,,,,,,,,,,,,,,,,,,,,,,,,,,,,,,,,,,,,,,,,,,,,,,,,,,,,,,,,,,,,,,,,,,,,,,,,,,,,,,,,,,,,,,,,,,,,,,,,,,,,,,,,,
"amazon.in:customer reviews: fitbit fb507rgpk versa 2 health &amp; fitness smartwatch with heart rate, music, alexa built-in, sleep &amp; swim tracking, petal/copper rose, one size (s &amp; l bands included) (petal/copper rose)",fitbit,2/17/2020,Never buy Fitbit products they are cheaters,1,Worst product ever.Hang up frequentlyBattery drain quickly,worst product ever . hang up frequentlybattery drain quickly,,,,,,,,,,,,,,,,,,,,,,,,,,,,,,,,,,,,,,,,,,,,,,,,,,,,,,,,,,,,,,,,,,,,,,,,,,,,,,,,,,,,,,,,,,,,,,,,,,,,,,,,,,,,,,,,,,,,,,,,,,,,,,,,,,,,,,,,,,,,,,,,,,,,,,,,,,,,,,,,,,,,,,,,,,,,,,,,,,,,,,,,,,,,,,,,,,,,,,,,,,,,,,,,,,,,,,,,,,,,,,,,,,,,,,,,,,,,,,,,,,,,,,,,,,,,,,,,,,,,,,,,,,,,,,,,,,,,,,,,,,,,,,,,,,,,,,,,,,,,,,,,,,,,,,,,,,,,,,,,,,,,,,,,,,,,,,,,,,,,,,,,,,,,,,,,,,,,,,,,,,,,,,,,,,,,,,,,,,,,,,,,,,,,,,,,,,,,,,
"amazon.in:customer reviews: honor magic watch 2 (46mm, charcoal black) 14-days battery, spo2, bt calling &amp; music playback, 100 workout modes, amoled touch screen, personalized watch faces, sleep &amp; hr monitor, smart companion",honor,2/17/2020,Honor magic watch 2,1,The watch is not good I buy the watch its heart rate monitoring is not working properly and the app are not working too,the watch is not good i buy the watch it heartratemonitoring is not working properly and the app are not working too,,,,,,,,,,,,,,,,,,,,,,,,,,,,,,,,,,,,,,,,,,,,,,,,,,,,,,,,,,,,,,,,,,,,,,,,,,,,,,,,,,,,,,,,,,,,,,,,,,,,,,,,,,,,,,,,,,,,,,,,,,,,,,,,,,,,,,,,,,,,,,,,,,,,,,,,,,,,,,,,,,,,,,,,,,,,,,,,,,,,,,,,,,,,,,,,,,,,,,,,,,,,,,,,,,,,,,,,,,,,,,,,,,,,,,,,,,,,,,,,,,,,,,,,,,,,,,,,,,,,,,,,,,,,,,,,,,,,,,,,,,,,,,,,,,,,,,,,,,,,,,,,,,,,,,,,,,,,,,,,,,,,,,,,,,,,,,,,,,,,,,,,,,,,,,,,,,,,,,,,,,,,,,,,,,,,,,,,,,,,,,,,,,,,,,,,,,,,,,
"amazon.in:customer reviews: honor magic watch 2 (46mm, charcoal black) 14-days battery, spo2, bt calling &amp; music playback, 100 workout modes, amoled touch screen, personalized watch faces, sleep &amp; hr monitor, smart companion",honor,2/17/2020,Killer watch,5,Best watch ever battery backup superb.this one is the killer peace and all function is working well.dont have spo2 but spo2 is in Chinese version..overall awesome watch,best watch ever batterybackup superb . this one is the killer peace and all function is working well . do not have spo2 but spo2 is in chinese version . overall awesome watch,,,,,,,,,,,,,,,,,,,,,,,,,,,1,,,,,,,,,,,,,,,,,,,,,,,,,,,,,,,,,,,,,,,,,,,,,,,,,,,,,,,,,,,,,,,,,,,,,,,,,,,,,,,,,,,,,,,,,,,,,,,,,,,,,,,,,,,,,,,,,,,,,,,,,,,,,,,,,,,,,,,,,,,,,,,,,,,,,,,,,,,,,,,,,,,,,,,,,,,,,,,,,,,,,,,,,,,,,,,,,,,,,,,,,,,,,,,,,,,,,,,,,,,,,,,,,,,,,,,,,,,,,,,,,,,,,,,,,,,,,,,,,,,,,,,,,,,,,,,,,,,,,,,,,,,,,,,,,,,,,,,,,,,,,,,,,,,,,,,,,,,,,,,,,,,,,,,,,,,,,,,,,,,,,,,,,,,,,,,,,,,,,,,,,,,,,,,,,,,
